player_id,player_firstName,player_lastName,player_amateur,player_displayName,player_country,player_shortName,scoringData_position,scoringData_total,scoringData_thru,scoringData_score,scoringData_courseId,scoringData_groupNumber,scoringData_currentRound,scoringData_rounds_1,scoringData_rounds_2,scoringData_rounds_3,scoringData_rounds_4,scoringData_playerState,scoringData_totalStrokes,scoringData_projected,scoringData_roundStatus,rounds_All_round,rounds_All_displayName,rounds_All_performance_SG:OTT_total,rounds_All_performance_SG:OTT_yearToDate,rounds_All_performance_SG:APP_total,rounds_All_performance_SG:APP_yearToDate,rounds_All_performance_SG:ARG_total,rounds_All_performance_SG:ARG_yearToDate,rounds_All_performance_SG:PUTT_total,rounds_All_performance_SG:PUTT_yearToDate,rounds_All_performance_DA_total,rounds_All_performance_DA_yearToDate,rounds_All_performance_DD_total,rounds_All_performance_DD_yearToDate,rounds_All_performance_GIR_total,rounds_All_performance_GIR_yearToDate,rounds_All_scoring_Eagles_total,rounds_All_scoring_Eagles_yearToDate,rounds_All_scoring_Birdies_total,rounds_All_scoring_Birdies_yearToDate,rounds_All_scoring_Pars_total,rounds_All_scoring_Pars_yearToDate,rounds_All_scoring_Bogeys_total,rounds_All_scoring_Bogeys_yearToDate,rounds_1_round,rounds_1_displayName,rounds_1_courseInfo_courseId,rounds_1_courseInfo_courseName,rounds_1_courseInfo_groupNumber,rounds_1_courseInfo_parTotal,rounds_1_courseInfo_total,rounds_1_courseInfo_scoreToPar,rounds_1_performance_SG:OTT_total,rounds_1_performance_SG:OTT_yearToDate,rounds_1_performance_SG:APP_total,rounds_1_performance_SG:APP_yearToDate,rounds_1_performance_SG:ARG_total,rounds_1_performance_SG:ARG_yearToDate,rounds_1_performance_SG:PUTT_total,rounds_1_performance_SG:PUTT_yearToDate,rounds_1_performance_DA_total,rounds_1_performance_DA_yearToDate,rounds_1_performance_DD_total,rounds_1_performance_DD_yearToDate,rounds_1_performance_GIR_total,rounds_1_performance_GIR_yearToDate,rounds_1_scoring_Eagles_total,rounds_1_scoring_Eagles_yearToDate,rounds_1_scoring_Birdies_total,rounds_1_scoring_Birdies_yearToDate,rounds_1_scoring_Pars_total,rounds_1_scoring_Pars_yearToDate,rounds_1_scoring_Bogeys_total,rounds_1_scoring_Bogeys_yearToDate,rounds_2_round,rounds_2_displayName,rounds_2_courseInfo_courseId,rounds_2_courseInfo_courseName,rounds_2_courseInfo_groupNumber,rounds_2_courseInfo_parTotal,rounds_2_courseInfo_total,rounds_2_courseInfo_scoreToPar,rounds_2_performance_SG:OTT_total,rounds_2_performance_SG:OTT_yearToDate,rounds_2_performance_SG:APP_total,rounds_2_performance_SG:APP_yearToDate,rounds_2_performance_SG:ARG_total,rounds_2_performance_SG:ARG_yearToDate,rounds_2_performance_SG:PUTT_total,rounds_2_performance_SG:PUTT_yearToDate,rounds_2_performance_DA_total,rounds_2_performance_DA_yearToDate,rounds_2_performance_DD_total,rounds_2_performance_DD_yearToDate,rounds_2_performance_GIR_total,rounds_2_performance_GIR_yearToDate,rounds_2_scoring_Eagles_total,rounds_2_scoring_Eagles_yearToDate,rounds_2_scoring_Birdies_total,rounds_2_scoring_Birdies_yearToDate,rounds_2_scoring_Pars_total,rounds_2_scoring_Pars_yearToDate,rounds_2_scoring_Bogeys_total,rounds_2_scoring_Bogeys_yearToDate,rounds_3_round,rounds_3_displayName,rounds_3_courseInfo_courseId,rounds_3_courseInfo_courseName,rounds_3_courseInfo_groupNumber,rounds_3_courseInfo_parTotal,rounds_3_courseInfo_total,rounds_3_courseInfo_scoreToPar,rounds_3_performance_SG:OTT_total,rounds_3_performance_SG:OTT_yearToDate,rounds_3_performance_SG:APP_total,rounds_3_performance_SG:APP_yearToDate,rounds_3_performance_SG:ARG_total,rounds_3_performance_SG:ARG_yearToDate,rounds_3_performance_SG:PUTT_total,rounds_3_performance_SG:PUTT_yearToDate,rounds_3_performance_DA_total,rounds_3_performance_DA_yearToDate,rounds_3_performance_DD_total,rounds_3_performance_DD_yearToDate,rounds_3_performance_GIR_total,rounds_3_performance_GIR_yearToDate,rounds_3_scoring_Eagles_total,rounds_3_scoring_Eagles_yearToDate,rounds_3_scoring_Birdies_total,rounds_3_scoring_Birdies_yearToDate,rounds_3_scoring_Pars_total,rounds_3_scoring_Pars_yearToDate,rounds_3_scoring_Bogeys_total,rounds_3_scoring_Bogeys_yearToDate,rounds_4_round,rounds_4_displayName,rounds_4_courseInfo_courseId,rounds_4_courseInfo_courseName,rounds_4_courseInfo_groupNumber,rounds_4_courseInfo_parTotal,rounds_4_courseInfo_total,rounds_4_courseInfo_scoreToPar,rounds_4_performance_SG:OTT_total,rounds_4_performance_SG:OTT_yearToDate,rounds_4_performance_SG:APP_total,rounds_4_performance_SG:APP_yearToDate,rounds_4_performance_SG:ARG_total,rounds_4_performance_SG:ARG_yearToDate,rounds_4_performance_SG:PUTT_total,rounds_4_performance_SG:PUTT_yearToDate,rounds_4_performance_DA_total,rounds_4_performance_DA_yearToDate,rounds_4_performance_DD_total,rounds_4_performance_DD_yearToDate,rounds_4_performance_GIR_total,rounds_4_performance_GIR_yearToDate,rounds_4_scoring_Eagles_total,rounds_4_scoring_Eagles_yearToDate,rounds_4_scoring_Birdies_total,rounds_4_scoring_Birdies_yearToDate,rounds_4_scoring_Pars_total,rounds_4_scoring_Pars_yearToDate,rounds_4_scoring_Bogeys_total,rounds_4_scoring_Bogeys_yearToDate
28237,Rory,McIlroy,False,Rory McIlroy,NIR,R. McIlroy,1,-17,F,-6,872,1,4,67,68,67,65,COMPLETE,267,4,R4 Completed,-1,All,6.117,0.908,6.253,0.394,3.274,0.078,4.282,0.167,51.79% (29/56),68.57%,337.00 yds,317.5,68.06% (49/72),66.24%,3,5,18,171,45,-,5,-,1,Round 1,872,Quail Hollow Club,10,71,67,-4,0.824,0.908,2.925,0.394,0.247,0.078,0.005,0.167,42.86% (6/14),68.57%,343.80 yds,317.5,66.67% (12/18),66.24%,1,5,6,171,7,-,4,-,2,Round 2,872,Quail Hollow Club,15,71,68,-3,1.574,0.908,0.707,0.394,0.719,0.078,-0.088,0.167,50.00% (7/14),68.57%,341.50 yds,317.5,72.22% (13/18),66.24%,,,3,171,15,-,,,3,Round 3,872,Quail Hollow Club,1,71,67,-4,2.992,0.908,1.498,0.394,0.890,0.078,0.459,0.167,78.57% (11/14),68.57%,337.60 yds,317.5,66.67% (12/18),66.24%,,,4,171,14,-,,,4,Round 4,872,Quail Hollow Club,1,71,65,-6,0.728,0.908,1.123,0.394,1.419,0.078,3.907,0.167,35.71% (5/14),68.57%,325.00 yds,317.5,66.67% (12/18),66.24%,2,5,5,171,9,-,1,-
48081,Xander,Schauffele,False,Xander Schauffele,USA,X. Schauffele,2,-12,F,E,872,1,4,64,67,70,71,COMPLETE,272,2,R4 Completed,-1,All,5.656,0.796,7.479,0.794,0.859,0.277,0.932,0.398,66.07% (37/56),68.32%,317.60 yds,305.1,70.83% (51/72),70.41%,2,10,15,211,48,-,7,-,1,Round 1,872,Quail Hollow Club,15,71,64,-7,0.175,0.796,3.681,0.794,2.429,0.277,0.716,0.398,57.14% (8/14),68.32%,317.80 yds,305.1,72.22% (13/18),70.41%,1,10,6,211,10,-,1,-,2,Round 2,872,Quail Hollow Club,8,71,67,-4,1.423,0.796,1.994,0.794,0.175,0.277,0.320,0.398,50.00% (7/14),68.32%,315.50 yds,305.1,83.33% (15/18),70.41%,,,5,211,12,-,1,-,3,Round 3,872,Quail Hollow Club,1,71,70,-1,1.991,0.796,-0.291,0.794,-0.534,0.277,1.673,0.398,78.57% (11/14),68.32%,311.70 yds,305.1,55.56% (10/18),70.41%,,,2,211,15,-,1,-,4,Round 4,872,Quail Hollow Club,1,71,71,E,2.068,0.796,2.095,0.794,-1.210,0.277,-1.776,0.398,78.57% (11/14),68.32%,325.60 yds,305.1,72.22% (13/18),70.41%,1,10,2,211,11,-,4,-
33948,Byeong Hun,An,False,Byeong Hun An,KOR,B. An,3,-9,F,-5,872,4,4,70,68,71,66,COMPLETE,275,6,R4 Completed,-1,All,2.161,0.476,3.136,0.259,-1.359,0.029,7.988,0.063,58.93% (33/56),61.33%,324.20 yds,314.1,66.67% (48/72),70.26%,,,23,239,37,-,10,-,1,Round 1,872,Quail Hollow Club,6,71,70,-1,-1.795,0.476,0.204,0.259,0.112,0.029,2.480,0.063,64.29% (9/14),61.33%,325.10 yds,314.1,61.11% (11/18),70.26%,,,7,239,6,-,4,-,2,Round 2,872,Quail Hollow Club,23,71,68,-3,1.974,0.476,2.008,0.259,-0.251,0.029,-0.819,0.063,50.00% (7/14),61.33%,320.80 yds,314.1,72.22% (13/18),70.26%,,,6,239,9,-,3,-,3,Round 3,872,Quail Hollow Club,6,71,71,E,1.062,0.476,-0.647,0.259,-0.668,0.029,2.092,0.063,50.00% (7/14),61.33%,325.40 yds,314.1,50.00% (9/18),70.26%,,,3,239,13,-,1,-,4,Round 4,872,Quail Hollow Club,4,71,66,-5,0.921,0.476,1.571,0.259,-0.551,0.029,4.236,0.063,71.43% (10/14),61.33%,325.50 yds,314.1,83.33% (15/18),70.26%,,,7,239,9,-,2,-
28089,Jason,Day,False,Jason Day,AUS,J. Day,T4,-6,F,-1,872,3,4,68,67,73,70,COMPLETE,278,12,R4 Completed,-1,All,0.106,0.205,0.141,-0.401,4.989,0.414,3.690,0.552,57.14% (32/56),65.88%,311.00 yds,302.5,59.72% (43/72),63.31%,1,6,17,200,41,-,13,-,1,Round 1,872,Quail Hollow Club,14,71,68,-3,0.062,0.205,-0.667,-0.401,2.179,0.414,1.427,0.552,57.14% (8/14),65.88%,309.90 yds,302.5,55.56% (10/18),63.31%,1,6,3,200,12,-,2,-,2,Round 2,872,Quail Hollow Club,7,71,67,-4,-0.150,0.205,2.292,-0.401,2.130,0.414,-0.360,0.552,64.29% (9/14),65.88%,306.80 yds,302.5,72.22% (13/18),63.31%,,,6,200,10,-,2,-,3,Round 3,872,Quail Hollow Club,2,71,73,+2,0.566,0.205,-0.340,-0.401,-1.566,0.414,1.179,0.552,64.29% (9/14),65.88%,317.30 yds,302.5,50.00% (9/18),63.31%,,,3,200,10,-,5,-,4,Round 4,872,Quail Hollow Club,3,71,70,-1,-0.371,0.205,-1.144,-0.401,2.247,0.414,1.445,0.552,42.86% (6/14),65.88%,310.20 yds,302.5,61.11% (11/18),63.31%,,,5,200,9,-,4,-
39971,Sungjae,Im,False,Sungjae Im,KOR,S. Im,T4,-6,F,+2,872,2,4,68,68,69,73,COMPLETE,278,27,R4 Completed,-1,All,1.280,0.371,0.465,-0.193,1.123,0.131,6.058,-0.117,76.79% (43/56),67.15%,303.50 yds,292.7,62.50% (45/72),62.74%,,,18,184,42,-,12,-,1,Round 1,872,Quail Hollow Club,2,71,68,-3,1.492,0.371,0.113,-0.193,0.185,0.131,1.211,-0.117,92.86% (13/14),67.15%,298.80 yds,292.7,72.22% (13/18),62.74%,,,5,184,11,-,2,-,2,Round 2,872,Quail Hollow Club,19,71,68,-3,-0.262,0.371,0.632,-0.193,-0.216,0.131,2.758,-0.117,78.57% (11/14),67.15%,307.00 yds,292.7,66.67% (12/18),62.74%,,,6,184,9,-,3,-,3,Round 3,872,Quail Hollow Club,3,71,69,-2,-0.025,0.371,-0.983,-0.193,1.873,0.131,2.974,-0.117,71.43% (10/14),67.15%,311.20 yds,292.7,44.44% (8/18),62.74%,,,5,184,10,-,3,-,4,Round 4,872,Quail Hollow Club,2,71,73,+2,0.076,0.371,0.703,-0.193,-0.718,0.131,-0.884,-0.117,64.29% (9/14),67.15%,297.20 yds,292.7,66.67% (12/18),62.74%,,,2,184,12,-,4,-
35506,Mackenzie,Hughes,False,Mackenzie Hughes,CAN,M. Hughes,T6,-5,F,-5,872,12,4,73,71,69,66,COMPLETE,279,40,R4 Completed,-1,All,0.559,-0.095,-0.196,-0.339,1.026,0.444,6.537,0.500,66.07% (37/56),56.29%,312.30 yds,296.4,55.56% (40/72),61.94%,1,10,15,174,45,-,10,-,1,Round 1,872,Quail Hollow Club,4,71,73,+2,0.238,-0.095,-0.480,-0.339,0.073,0.444,-1.830,0.500,85.71% (12/14),56.29%,316.60 yds,296.4,50.00% (9/18),61.94%,,,3,174,10,-,5,-,2,Round 2,872,Quail Hollow Club,21,71,71,E,-1.985,-0.095,-0.980,-0.339,-0.015,0.444,2.892,0.500,28.57% (4/14),56.29%,309.10 yds,296.4,33.33% (6/18),61.94%,1,10,2,174,12,-,2,-,3,Round 3,872,Quail Hollow Club,25,71,69,-2,1.182,-0.095,1.077,-0.339,-0.128,0.444,1.708,0.500,78.57% (11/14),56.29%,300.10 yds,296.4,61.11% (11/18),61.94%,,,4,174,12,-,2,-,4,Round 4,872,Quail Hollow Club,12,71,66,-5,1.125,-0.095,0.187,-0.339,1.097,0.444,3.768,0.500,71.43% (10/14),56.29%,323.70 yds,296.4,77.78% (14/18),61.94%,,,6,174,11,-,1,-
47993,Denny,McCarthy,False,Denny McCarthy,USA,D. McCarthy,T6,-5,F,-2,872,6,4,70,71,69,69,COMPLETE,279,32,R4 Completed,-1,All,0.143,-0.334,-0.693,-0.027,3.556,0.388,4.920,0.739,60.71% (34/56),66.34%,297.90 yds,287.3,54.17% (39/72),61.70%,1,3,12,191,50,-,9,-,1,Round 1,872,Quail Hollow Club,2,71,70,-1,0.537,-0.334,-1.697,-0.027,-0.301,0.388,2.462,0.739,64.29% (9/14),66.34%,303.50 yds,287.3,50.00% (9/18),61.70%,,,4,191,11,-,3,-,2,Round 2,872,Quail Hollow Club,19,71,71,E,-0.595,-0.334,-0.582,-0.027,-0.701,0.388,1.790,0.739,50.00% (7/14),66.34%,300.10 yds,287.3,50.00% (9/18),61.70%,,,2,191,14,-,2,-,3,Round 3,872,Quail Hollow Club,15,71,69,-2,0.300,-0.334,1.636,-0.027,0.686,0.388,1.217,0.739,64.29% (9/14),66.34%,285.90 yds,287.3,66.67% (12/18),61.70%,,,3,191,14,-,1,-,4,Round 4,872,Quail Hollow Club,6,71,69,-2,-0.098,-0.334,-0.050,-0.027,3.873,0.388,-0.548,0.739,64.29% (9/14),66.34%,302.30 yds,287.3,50.00% (9/18),61.70%,1,3,3,191,11,-,3,-
39977,Max,Homa,False,Max Homa,USA,M. Homa,T8,-4,F,-2,872,8,4,69,70,72,69,COMPLETE,280,15,R4 Completed,-1,All,-0.155,-0.078,2.317,0.292,3.604,0.331,1.160,0.136,48.21% (27/56),61.94%,317.30 yds,300.8,58.33% (42/72),65.80%,1,4,17,187,41,-,11,-,1,Round 1,872,Quail Hollow Club,10,71,69,-2,0.829,-0.078,-1.190,0.292,0.991,0.331,1.371,0.136,50.00% (7/14),61.94%,321.70 yds,300.8,61.11% (11/18),65.80%,,,6,187,8,-,4,-,2,Round 2,872,Quail Hollow Club,15,71,70,-1,0.095,-0.078,1.738,0.292,1.093,0.331,-2.014,0.136,50.00% (7/14),61.94%,319.90 yds,300.8,72.22% (13/18),65.80%,,,5,187,9,-,4,-,3,Round 3,872,Quail Hollow Club,8,71,72,+1,-1.455,-0.078,-1.036,0.292,2.117,0.331,1.213,0.136,35.71% (5/14),61.94%,312.40 yds,300.8,44.44% (8/18),65.80%,,,3,187,12,-,2,-,4,Round 4,872,Quail Hollow Club,8,71,69,-2,0.377,-0.078,2.805,0.292,-0.596,0.331,0.591,0.136,57.14% (8/14),61.94%,315.30 yds,300.8,55.56% (10/18),65.80%,1,4,3,187,12,-,1,-
49960,Sepp,Straka,False,Sepp Straka,AUT,S. Straka,T8,-4,F,+3,872,2,4,68,71,67,74,COMPLETE,280,22,R4 Completed,-1,All,1.852,0.282,4.708,0.216,-2.326,-0.325,2.692,-0.018,66.07% (37/56),78.02%,298.70 yds,291.2,59.72% (43/72),67.87%,,,17,139,43,-,11,-,1,Round 1,872,Quail Hollow Club,4,71,68,-3,0.250,0.282,2.129,0.216,0.760,-0.325,-0.138,-0.018,71.43% (10/14),78.02%,294.00 yds,291.2,55.56% (10/18),67.87%,,,5,139,11,-,2,-,2,Round 2,872,Quail Hollow Club,21,71,71,E,0.497,0.282,-0.379,0.216,-1.073,-0.325,0.867,-0.018,71.43% (10/14),78.02%,301.70 yds,291.2,55.56% (10/18),67.87%,,,3,139,12,-,3,-,3,Round 3,872,Quail Hollow Club,9,71,67,-4,1.263,0.282,1.890,0.216,-0.551,-0.325,3.237,-0.018,71.43% (10/14),78.02%,295.10 yds,291.2,66.67% (12/18),67.87%,,,7,139,8,-,3,-,4,Round 4,872,Quail Hollow Club,2,71,74,+3,-0.157,0.282,1.068,0.216,-1.461,-0.325,-1.273,-0.018,50.00% (7/14),78.02%,304.00 yds,291.2,61.11% (11/18),67.87%,,,2,139,12,-,3,-
34098,Russell,Henley,False,Russell Henley,USA,R. Henley,T10,-3,F,-4,872,15,4,68,73,73,67,COMPLETE,281,19,R4 Completed,-1,All,-2.362,-0.011,4.399,0.380,1.874,0.377,2.015,0.306,73.21% (41/56),74.05%,297.20 yds,287.3,59.72% (43/72),65.19%,,,16,179,44,-,11,-,1,Round 1,872,Quail Hollow Club,6,71,68,-3,-1.652,-0.011,2.839,0.380,0.865,0.377,0.949,0.306,71.43% (10/14),74.05%,296.40 yds,287.3,66.67% (12/18),65.19%,,,5,179,11,-,2,-,2,Round 2,872,Quail Hollow Club,23,71,73,+2,0.580,-0.011,-1.105,0.380,0.852,0.377,-2.415,0.306,85.71% (12/14),74.05%,296.00 yds,287.3,61.11% (11/18),65.19%,,,2,179,12,-,4,-,3,Round 3,872,Quail Hollow Club,16,71,73,+2,-0.900,-0.011,-0.253,0.380,-0.088,0.377,1.080,0.306,71.43% (10/14),74.05%,289.90 yds,287.3,50.00% (9/18),65.19%,,,4,179,9,-,4,-,4,Round 4,872,Quail Hollow Club,15,71,67,-4,-0.389,-0.011,2.918,0.380,0.246,0.377,2.402,0.306,64.29% (9/14),74.05%,306.70 yds,287.3,61.11% (11/18),65.19%,,,5,179,12,-,1,-
34213,Grayson,Murray,False,Grayson Murray,USA,G. Murray,T10,-3,F,-1,872,7,4,70,69,72,70,COMPLETE,281,35,R4 Completed,-1,All,-1.871,0.213,2.827,0.074,1.964,0.019,3.006,-0.084,60.71% (34/56),71.65%,314.80 yds,303.2,54.17% (39/72),62.61%,1,4,15,163,43,-,12,-,1,Round 1,872,Quail Hollow Club,18,71,70,-1,-1.018,0.213,1.999,0.074,-0.296,0.019,0.316,-0.084,71.43% (10/14),71.65%,301.00 yds,303.2,61.11% (11/18),62.61%,1,4,3,163,10,-,4,-,2,Round 2,872,Quail Hollow Club,11,71,69,-2,-0.262,0.213,-0.093,0.074,0.469,0.019,1.798,-0.084,57.14% (8/14),71.65%,303.50 yds,303.2,50.00% (9/18),62.61%,,,5,163,11,-,1,-,3,Round 3,872,Quail Hollow Club,10,71,72,+1,-0.469,0.213,-0.662,0.074,1.575,0.019,0.395,-0.084,50.00% (7/14),71.65%,323.90 yds,303.2,50.00% (9/18),62.61%,,,2,163,13,-,3,-,4,Round 4,872,Quail Hollow Club,7,71,70,-1,-0.121,0.213,1.583,0.074,0.217,0.019,0.498,-0.084,64.29% (9/14),71.65%,330.90 yds,303.2,55.56% (10/18),62.61%,,,5,163,9,-,4,-
40250,Taylor,Pendrith,False,Taylor Pendrith,CAN,T. Pendrith,T10,-3,F,+1,872,4,4,71,67,71,72,COMPLETE,281,30,R4 Completed,-1,All,3.804,0.048,-1.995,-0.184,0.455,0.199,3.662,0.560,55.36% (31/56),53.63%,314.80 yds,310.9,61.11% (44/72),65.43%,,,16,165,43,-,13,-,1,Round 1,872,Quail Hollow Club,13,71,71,E,0.874,0.048,-0.513,-0.184,-1.271,0.199,0.911,0.560,50.00% (7/14),53.63%,325.30 yds,310.9,77.78% (14/18),65.43%,,,4,165,10,-,4,-,2,Round 2,872,Quail Hollow Club,6,71,67,-4,0.617,0.048,-0.012,-0.184,1.551,0.199,1.756,0.560,50.00% (7/14),53.63%,317.30 yds,310.9,55.56% (10/18),65.43%,,,6,165,10,-,2,-,3,Round 3,872,Quail Hollow Club,5,71,71,E,1.532,0.048,-0.744,-0.184,0.194,0.199,0.857,0.560,57.14% (8/14),53.63%,306.60 yds,310.9,50.00% (9/18),65.43%,,,5,165,8,-,5,-,4,Round 4,872,Quail Hollow Club,4,71,72,+1,0.782,0.048,-0.726,-0.184,-0.018,0.199,0.139,0.560,64.29% (9/14),53.63%,310.20 yds,310.9,61.11% (11/18),65.43%,,,1,165,15,-,2,-
39997,Corey,Conners,False,Corey Conners,CAN,C. Conners,T13,-2,F,-1,872,11,4,70,68,74,70,COMPLETE,282,47,R4 Completed,-1,All,2.727,0.441,7.018,0.978,-2.285,-0.255,-2.534,-0.467,71.43% (40/56),68.88%,308.20 yds,298.8,68.06% (49/72),72.33%,,,18,204,38,-,16,-,1,Round 1,872,Quail Hollow Club,11,71,70,-1,1.714,0.441,1.516,0.978,-0.814,-0.255,-1.415,-0.467,92.86% (13/14),68.88%,305.80 yds,298.8,72.22% (13/18),72.33%,,,5,204,9,-,4,-,2,Round 2,872,Quail Hollow Club,16,71,68,-3,1.056,0.441,3.650,0.978,0.646,-0.255,-2.440,-0.467,64.29% (9/14),68.88%,304.40 yds,298.8,77.78% (14/18),72.33%,,,5,204,11,-,2,-,3,Round 3,872,Quail Hollow Club,5,71,74,+3,-0.675,0.441,1.005,0.978,-0.670,-0.255,-0.821,-0.467,50.00% (7/14),68.88%,301.90 yds,298.8,55.56% (10/18),72.33%,,,2,204,11,-,5,-,4,Round 4,872,Quail Hollow Club,11,71,70,-1,0.633,0.441,0.847,0.978,-1.446,-0.255,2.143,-0.467,78.57% (11/14),68.88%,320.80 yds,298.8,66.67% (12/18),72.33%,,,6,204,7,-,5,-
30911,Tommy,Fleetwood,False,Tommy Fleetwood,ENG,T. Fleetwood,T13,-2,F,-1,872,10,4,71,70,71,70,COMPLETE,282,37,R4 Completed,-1,All,-0.804,0.189,2.163,-0.492,3.495,0.429,0.072,0.115,69.64% (39/56),77.47%,305.10 yds,296.6,54.17% (39/72),64.11%,,,14,136,46,-,12,-,1,Round 1,872,Quail Hollow Club,21,71,71,E,0.636,0.189,1.791,-0.492,-0.439,0.429,-1.987,0.115,78.57% (11/14),77.47%,307.10 yds,296.6,61.11% (11/18),64.11%,,,3,136,12,-,3,-,2,Round 2,872,Quail Hollow Club,3,71,70,-1,-0.592,0.189,1.741,-0.492,0.582,0.429,-0.819,0.115,57.14% (8/14),77.47%,309.90 yds,296.6,66.67% (12/18),64.11%,,,3,136,13,-,2,-,3,Round 3,872,Quail Hollow Club,14,71,71,E,0.706,0.189,-0.998,-0.492,2.242,0.429,-0.111,0.115,78.57% (11/14),77.47%,307.90 yds,296.6,44.44% (8/18),64.11%,,,4,136,10,-,4,-,4,Round 4,872,Quail Hollow Club,10,71,70,-1,-1.553,0.189,-0.371,-0.492,1.111,0.429,2.990,0.115,64.29% (9/14),77.47%,295.70 yds,296.6,44.44% (8/18),64.11%,,,4,136,11,-,3,-
47504,Sam,Burns,False,Sam Burns,USA,S. Burns,T13,-2,F,+2,872,3,4,71,68,70,73,COMPLETE,282,34,R4 Completed,-1,All,2.718,0.302,0.727,0.250,-0.649,-0.172,2.130,0.227,66.07% (37/56),64.63%,316.70 yds,303.7,59.72% (43/72),66.67%,1,8,14,186,43,-,14,-,1,Round 1,872,Quail Hollow Club,8,71,71,E,-0.547,0.302,0.729,0.250,-0.816,-0.172,0.635,0.227,64.29% (9/14),64.63%,311.10 yds,303.7,61.11% (11/18),66.67%,,,2,186,14,-,2,-,2,Round 2,872,Quail Hollow Club,13,71,68,-3,0.955,0.302,1.035,0.250,-0.207,-0.172,1.129,0.227,57.14% (8/14),64.63%,311.60 yds,303.7,66.67% (12/18),66.67%,1,8,4,186,10,-,3,-,3,Round 3,872,Quail Hollow Club,7,71,70,-1,1.485,0.302,1.043,0.250,-0.161,-0.172,0.472,0.227,71.43% (10/14),64.63%,322.50 yds,303.7,61.11% (11/18),66.67%,,,4,186,11,-,3,-,4,Round 4,872,Quail Hollow Club,3,71,73,+2,0.826,0.302,-2.080,0.250,0.536,-0.172,-0.105,0.227,71.43% (10/14),64.63%,321.60 yds,303.7,50.00% (9/18),66.67%,,,4,186,8,-,6,-
25900,Lucas,Glover,False,Lucas Glover,USA,L. Glover,T16,-1,F,-2,872,16,4,71,70,73,69,COMPLETE,283,60,R4 Completed,-1,All,0.862,0.049,2.174,0.637,3.740,0.419,-2.850,-0.530,75.00% (42/56),74.92%,295.70 yds,287.2,61.11% (44/72),66.90%,1,2,14,185,42,-,15,-,1,Round 1,872,Quail Hollow Club,20,71,71,E,0.378,0.049,-0.168,0.637,1.330,0.419,-1.539,-0.530,71.43% (10/14),74.92%,294.80 yds,287.2,61.11% (11/18),66.90%,,,5,185,8,-,5,-,2,Round 2,872,Quail Hollow Club,2,71,70,-1,-0.472,0.049,0.957,0.637,1.233,0.419,-0.806,-0.530,78.57% (11/14),74.92%,289.60 yds,287.2,66.67% (12/18),66.90%,,,4,185,11,-,3,-,3,Round 3,872,Quail Hollow Club,13,71,73,+2,0.780,0.049,1.884,0.637,-1.297,0.419,-1.528,-0.530,64.29% (9/14),74.92%,296.20 yds,287.2,72.22% (13/18),66.90%,1,2,1,185,11,-,5,-,4,Round 4,872,Quail Hollow Club,16,71,69,-2,0.177,0.049,-0.499,0.637,2.475,0.419,1.024,-0.530,85.71% (12/14),74.92%,302.40 yds,287.2,44.44% (8/18),66.90%,,,4,185,12,-,2,-
37455,Si Woo,Kim,False,Si Woo Kim,KOR,S.W. Kim,T16,-1,F,-1,872,13,4,70,73,70,70,COMPLETE,283,23,R4 Completed,-1,All,2.209,0.462,5.481,0.629,1.387,0.303,-5.151,-0.473,73.21% (41/56),75.87%,304.70 yds,291.8,61.11% (44/72),67.80%,,,12,221,49,-,11,-,1,Round 1,872,Quail Hollow Club,5,71,70,-1,0.580,0.462,1.356,0.629,0.015,0.303,-0.950,-0.473,71.43% (10/14),75.87%,306.30 yds,291.8,50.00% (9/18),67.80%,,,3,221,13,-,2,-,2,Round 2,872,Quail Hollow Club,22,71,73,+2,0.013,0.462,0.159,0.629,-0.165,0.303,-2.095,-0.473,64.29% (9/14),75.87%,305.60 yds,291.8,55.56% (10/18),67.80%,,,2,221,12,-,4,-,3,Round 3,872,Quail Hollow Club,22,71,70,-1,0.793,0.462,1.500,0.629,1.655,0.303,-1.109,-0.473,85.71% (12/14),75.87%,305.70 yds,291.8,72.22% (13/18),67.80%,,,4,221,11,-,3,-,4,Round 4,872,Quail Hollow Club,13,71,70,-1,0.824,0.462,2.466,0.629,-0.117,0.303,-0.996,-0.473,71.43% (10/14),75.87%,301.30 yds,291.8,66.67% (12/18),67.80%,,,3,221,13,-,2,-
28252,Seamus,Power,False,Seamus Power,IRL,S. Power,T16,-1,F,-1,872,13,4,72,71,70,70,COMPLETE,283,62,R4 Completed,-1,All,1.483,-0.148,6.873,0.212,-0.672,0.072,-3.758,-0.375,73.21% (41/56),62.38%,304.50 yds,294.9,68.06% (49/72),66.05%,,,16,159,43,-,11,-,1,Round 1,872,Quail Hollow Club,5,71,72,+1,-0.189,-0.148,-0.046,0.212,-1.112,0.072,0.348,-0.375,64.29% (9/14),62.38%,300.10 yds,294.9,55.56% (10/18),66.05%,,,5,159,9,-,2,-,2,Round 2,872,Quail Hollow Club,22,71,71,E,0.948,-0.148,1.772,0.212,0.453,0.072,-3.261,-0.375,85.71% (12/14),62.38%,309.60 yds,294.9,77.78% (14/18),66.05%,,,3,159,12,-,3,-,3,Round 3,872,Quail Hollow Club,22,71,70,-1,0.283,-0.148,3.302,0.212,1.233,0.072,-1.979,-0.375,71.43% (10/14),62.38%,303.80 yds,294.9,61.11% (11/18),66.05%,,,3,159,13,-,2,-,4,Round 4,872,Quail Hollow Club,13,71,70,-1,0.442,-0.148,1.845,0.212,-1.245,0.072,1.135,-0.375,71.43% (10/14),62.38%,304.50 yds,294.9,77.78% (14/18),66.05%,,,5,159,9,-,4,-
45522,Christiaan,Bezuidenhout,False,Christiaan Bezuidenhout,RSA,C. Bezuidenhout,T16,-1,F,+1,872,8,4,70,69,72,72,COMPLETE,283,28,R4 Completed,-1,All,-2.323,-0.185,2.863,0.412,1.358,0.033,2.028,0.597,60.71% (34/56),58.25%,300.70 yds,286.9,50.00% (36/72),62.06%,,,16,185,41,-,15,-,1,Round 1,872,Quail Hollow Club,23,71,70,-1,-0.411,-0.185,1.209,0.412,-0.028,0.033,0.231,0.597,64.29% (9/14),58.25%,300.90 yds,286.9,61.11% (11/18),62.06%,,,4,185,11,-,3,-,2,Round 2,872,Quail Hollow Club,5,71,69,-2,-0.623,-0.185,3.725,0.412,-0.321,0.033,-0.869,0.597,64.29% (9/14),58.25%,294.40 yds,286.9,66.67% (12/18),62.06%,,,6,185,8,-,4,-,3,Round 3,872,Quail Hollow Club,8,71,72,+1,-0.787,-0.185,-0.829,0.412,1.970,0.033,0.485,0.597,57.14% (8/14),58.25%,301.10 yds,286.9,44.44% (8/18),62.06%,,,4,185,9,-,5,-,4,Round 4,872,Quail Hollow Club,8,71,72,+1,-0.501,-0.185,-1.242,0.412,-0.262,0.033,2.182,0.597,57.14% (8/14),58.25%,306.30 yds,286.9,27.78% (5/18),62.06%,,,2,185,13,-,3,-
50525,Collin,Morikawa,False,Collin Morikawa,USA,C. Morikawa,T16,-1,F,+3,872,5,4,67,70,72,74,COMPLETE,283,11,R4 Completed,-1,All,2.076,0.439,-0.647,0.058,-0.561,0.386,3.058,-0.168,80.36% (45/56),78.74%,299.80 yds,291.5,61.11% (44/72),64.81%,,,14,171,46,-,11,-,1,Round 1,872,Quail Hollow Club,16,71,67,-4,0.663,0.439,1.981,0.058,0.201,0.386,1.156,-0.168,85.71% (12/14),78.74%,298.10 yds,291.5,72.22% (13/18),64.81%,,,5,171,12,-,1,-,2,Round 2,872,Quail Hollow Club,9,71,70,-1,0.754,0.439,-0.802,0.058,0.971,0.386,-0.011,-0.168,85.71% (12/14),78.74%,290.90 yds,291.5,66.67% (12/18),64.81%,,,3,171,13,-,2,-,3,Round 3,872,Quail Hollow Club,3,71,72,+1,0.129,0.439,-0.252,0.058,0.020,0.386,0.942,-0.168,78.57% (11/14),78.74%,306.30 yds,291.5,55.56% (10/18),64.81%,,,2,171,13,-,3,-,4,Round 4,872,Quail Hollow Club,5,71,74,+3,0.531,0.439,-1.574,0.058,-1.752,0.386,0.972,-0.168,71.43% (10/14),78.74%,304.20 yds,291.5,50.00% (9/18),64.81%,,,4,171,8,-,5,-
33448,Justin,Thomas,False,Justin Thomas,USA,J. Thomas,T21,E,F,+1,872,11,4,68,71,73,72,COMPLETE,284,24,R4 Completed,-1,All,1.613,0.256,0.640,0.697,1.106,0.445,-0.433,-0.447,62.50% (35/56),60.23%,319.90 yds,308.1,62.50% (45/72),65.99%,,,11,164,51,-,9,-,1,Round 1,872,Quail Hollow Club,13,71,68,-3,0.496,0.256,1.388,0.697,0.788,0.445,0.329,-0.447,64.29% (9/14),60.23%,314.80 yds,308.1,72.22% (13/18),65.99%,,,4,164,13,-,1,-,2,Round 2,872,Quail Hollow Club,6,71,71,E,0.394,0.256,-1.827,0.697,0.265,0.445,1.080,-0.447,57.14% (8/14),60.23%,319.60 yds,308.1,55.56% (10/18),65.99%,,,2,164,14,-,2,-,3,Round 3,872,Quail Hollow Club,9,71,73,+2,-1.038,0.256,1.539,0.697,1.137,0.445,-1.799,-0.447,50.00% (7/14),60.23%,316.70 yds,308.1,55.56% (10/18),65.99%,,,4,164,9,-,4,-,4,Round 4,872,Quail Hollow Club,11,71,72,+1,1.762,0.256,-0.460,0.697,-1.083,0.445,-0.042,-0.447,78.57% (11/14),60.23%,328.70 yds,308.1,66.67% (12/18),65.99%,,,1,164,15,-,2,-
33141,Keegan,Bradley,False,Keegan Bradley,USA,K. Bradley,T21,E,F,+1,872,10,4,70,70,72,72,COMPLETE,284,50,R4 Completed,-1,All,-4.299,0.112,4.753,0.517,2.655,0.078,-0.183,-0.500,62.50% (35/56),66.73%,305.40 yds,300.6,61.11% (44/72),69.24%,1,5,16,170,40,-,12,-,1,Round 1,872,Quail Hollow Club,17,71,70,-1,-0.589,0.112,0.857,0.517,1.334,0.078,-0.601,-0.500,57.14% (8/14),66.73%,295.40 yds,300.6,61.11% (11/18),69.24%,,,4,170,11,-,3,-,2,Round 2,872,Quail Hollow Club,10,71,70,-1,-3.314,0.112,2.587,0.517,-0.093,0.078,1.732,-0.500,50.00% (7/14),66.73%,311.30 yds,300.6,66.67% (12/18),69.24%,1,5,4,170,10,-,1,-,3,Round 3,872,Quail Hollow Club,12,71,72,+1,-0.218,0.112,1.672,0.517,0.498,0.078,-1.113,-0.500,64.29% (9/14),66.73%,309.30 yds,300.6,66.67% (12/18),69.24%,,,3,170,12,-,2,-,4,Round 4,872,Quail Hollow Club,10,71,72,+1,-0.177,0.112,-0.363,0.517,0.917,0.078,-0.200,-0.500,78.57% (11/14),66.73%,305.80 yds,300.6,50.00% (9/18),69.24%,,,5,170,7,-,6,-
36799,Stephan,Jaeger,False,Stephan Jaeger,GER,S. Jaeger,T21,E,F,+4,872,5,4,73,65,71,75,COMPLETE,284,14,R4 Completed,-1,All,1.525,0.398,-2.304,-0.026,-0.032,0.242,3.737,0.075,62.50% (35/56),61.28%,327.10 yds,309.8,54.17% (39/72),65.93%,,,17,214,40,-,13,-,1,Round 1,872,Quail Hollow Club,23,71,73,+2,0.913,0.398,-1.981,-0.026,-0.418,0.242,-0.513,0.075,71.43% (10/14),61.28%,325.30 yds,309.8,72.22% (13/18),65.93%,,,3,214,11,-,3,-,2,Round 2,872,Quail Hollow Club,5,71,65,-6,1.208,0.398,1.175,-0.026,1.508,0.242,2.021,0.075,64.29% (9/14),61.28%,336.20 yds,309.8,77.78% (14/18),65.93%,,,6,214,12,-,,,3,Round 3,872,Quail Hollow Club,4,71,71,E,-0.415,0.398,0.097,-0.026,-0.920,0.242,3.077,0.075,57.14% (8/14),61.28%,326.40 yds,309.8,44.44% (8/18),65.93%,,,5,214,9,-,3,-,4,Round 4,872,Quail Hollow Club,5,71,75,+4,-0.180,0.398,-1.595,-0.026,-0.201,0.242,-0.847,0.075,57.14% (8/14),61.28%,320.80 yds,309.8,22.22% (4/18),65.93%,,,3,214,8,-,7,-
46717,Viktor,Hovland,False,Viktor Hovland,NOR,V. Hovland,T24,+1,F,-2,872,22,4,72,72,72,69,COMPLETE,285,89,R4 Completed,-1,All,1.791,0.591,3.076,0.310,-1.683,-0.570,-1.258,0.201,50.00% (28/56),63.35%,301.30 yds,300.6,61.11% (44/72),67.43%,,,15,123,43,-,12,-,1,Round 1,872,Quail Hollow Club,9,71,72,+1,-0.760,0.591,0.687,0.310,-1.474,-0.570,0.548,0.201,42.86% (6/14),63.35%,302.10 yds,300.6,55.56% (10/18),67.43%,,,5,123,8,-,4,-,2,Round 2,872,Quail Hollow Club,14,71,72,+1,1.210,0.591,-0.087,0.310,-1.582,-0.570,-0.629,0.201,42.86% (6/14),63.35%,290.80 yds,300.6,55.56% (10/18),67.43%,,,3,123,11,-,4,-,3,Round 3,872,Quail Hollow Club,23,71,72,+1,0.395,0.591,-1.496,0.310,1.118,-0.570,0.822,0.201,64.29% (9/14),63.35%,299.30 yds,300.6,44.44% (8/18),67.43%,,,5,123,8,-,4,-,4,Round 4,872,Quail Hollow Club,22,71,69,-2,0.947,0.591,3.972,0.310,0.256,-0.570,-1.998,0.201,50.00% (7/14),63.35%,313.20 yds,300.6,88.89% (16/18),67.43%,,,2,123,16,-,,
29221,Webb,Simpson,False,Webb Simpson,USA,W. Simpson,T24,+1,F,E,872,15,4,70,73,71,71,COMPLETE,285,129,R4 Completed,-1,All,1.267,0.281,-1.129,-0.337,3.535,0.469,-1.747,-0.410,64.29% (36/56),62.69%,307.00 yds,296.9,56.94% (41/72),61.11%,1,5,11,101,47,-,12,-,1,Round 1,872,Quail Hollow Club,18,71,70,-1,0.070,0.281,-1.654,-0.337,1.891,0.469,0.694,-0.410,64.29% (9/14),62.69%,316.90 yds,296.9,66.67% (12/18),61.11%,1,5,2,101,13,-,1,-,2,Round 2,872,Quail Hollow Club,11,71,73,+2,-0.015,0.281,0.264,-0.337,-0.520,0.469,-1.817,-0.410,57.14% (8/14),62.69%,296.90 yds,296.9,72.22% (13/18),61.11%,,,2,101,12,-,4,-,3,Round 3,872,Quail Hollow Club,21,71,71,E,0.521,0.281,0.677,-0.337,1.288,0.469,-0.647,-0.410,64.29% (9/14),62.69%,311.40 yds,296.9,50.00% (9/18),61.11%,,,4,101,10,-,4,-,4,Round 4,872,Quail Hollow Club,15,71,71,E,0.692,0.281,-0.416,-0.337,0.877,0.469,0.024,-0.410,71.43% (10/14),62.69%,302.90 yds,296.9,38.89% (7/18),61.11%,,,3,101,12,-,3,-
59866,Nick,Dunlap,False,Nick Dunlap,USA,N. Dunlap,T24,+1,F,+1,872,14,4,69,72,72,72,COMPLETE,285,118,R4 Completed,-1,All,-1.904,-0.418,1.836,-0.287,1.592,-0.044,0.402,0.083,42.86% (24/56),55.68%,315.50 yds,303.4,55.56% (40/72),59.37%,,,19,164,36,-,14,-,1,Round 1,872,Quail Hollow Club,12,71,69,-2,1.136,-0.418,-0.275,-0.287,-0.002,-0.044,1.142,0.083,57.14% (8/14),55.68%,323.00 yds,303.4,66.67% (12/18),59.37%,,,4,164,12,-,2,-,2,Round 2,872,Quail Hollow Club,17,71,72,+1,-1.304,-0.418,0.385,-0.287,-0.670,-0.044,0.501,0.083,28.57% (4/14),55.68%,298.90 yds,303.4,61.11% (11/18),59.37%,,,4,164,9,-,5,-,3,Round 3,872,Quail Hollow Club,15,71,72,+1,-2.328,-0.418,-0.218,-0.287,2.681,-0.044,0.704,0.083,28.57% (4/14),55.68%,321.10 yds,303.4,27.78% (5/18),59.37%,,,7,164,6,-,2,-,4,Round 4,872,Quail Hollow Club,14,71,72,+1,0.593,-0.418,1.944,-0.287,-0.416,-0.044,-1.944,0.083,57.14% (8/14),55.68%,319.00 yds,303.4,66.67% (12/18),59.37%,,,4,164,9,-,5,-
27349,Alex,Noren,False,Alex Noren,SWE,A. Noren,T24,+1,F,+2,872,9,4,67,75,70,73,COMPLETE,285,45,R4 Completed,-1,All,0.471,0.295,0.848,0.452,4.533,0.504,-3.926,0.131,62.50% (35/56),66.72%,306.60 yds,294.3,56.94% (41/72),71.32%,,,14,182,44,-,13,-,1,Round 1,872,Quail Hollow Club,7,71,67,-4,0.935,0.295,2.252,0.452,0.835,0.504,-0.021,0.131,71.43% (10/14),66.72%,314.00 yds,294.3,77.78% (14/18),71.32%,,,7,182,8,-,3,-,2,Round 2,872,Quail Hollow Club,12,71,75,+4,-0.057,0.295,-2.036,0.452,0.299,0.504,-2.294,0.131,64.29% (9/14),66.72%,297.70 yds,294.3,44.44% (8/18),71.32%,,,1,182,12,-,5,-,3,Round 3,872,Quail Hollow Club,18,71,70,-1,0.594,0.295,0.894,0.452,3.388,0.504,-2.037,0.131,78.57% (11/14),66.72%,308.80 yds,294.3,61.11% (11/18),71.32%,,,4,182,11,-,3,-,4,Round 4,872,Quail Hollow Club,9,71,73,+2,0.000,0.295,-0.262,0.452,0.012,0.504,0.427,0.131,35.71% (5/14),66.72%,306.20 yds,294.3,44.44% (8/18),71.32%,,,2,182,13,-,2,-
54628,Lee,Hodges,False,Lee Hodges,USA,L. Hodges,T24,+1,F,+4,872,6,4,68,70,72,75,COMPLETE,285,78,R4 Completed,-1,All,-1.428,-0.123,0.776,0.306,0.223,-0.387,2.355,0.013,62.50% (35/56),69.10%,306.50 yds,294.7,55.56% (40/72),64.32%,,,14,170,45,-,11,-,1,Round 1,872,Quail Hollow Club,6,71,68,-3,0.524,-0.123,0.469,0.306,0.946,-0.387,1.062,0.013,57.14% (8/14),69.10%,304.20 yds,294.7,61.11% (11/18),64.32%,,,5,170,11,-,2,-,2,Round 2,872,Quail Hollow Club,23,71,70,-1,-0.657,-0.123,0.471,0.306,-0.407,-0.387,1.505,0.013,71.43% (10/14),69.10%,299.20 yds,294.7,55.56% (10/18),64.32%,,,5,170,10,-,2,-,3,Round 3,872,Quail Hollow Club,6,71,72,+1,-1.371,-0.123,0.984,0.306,0.695,-0.387,0.531,0.013,50.00% (7/14),69.10%,304.40 yds,294.7,50.00% (9/18),64.32%,,,2,170,13,-,3,-,4,Round 4,872,Quail Hollow Club,6,71,75,+4,0.077,-0.123,-1.148,0.306,-1.010,-0.387,-0.742,0.013,71.43% (10/14),69.10%,318.40 yds,294.7,55.56% (10/18),64.32%,,,2,170,11,-,4,-
35450,Patrick,Cantlay,False,Patrick Cantlay,USA,P. Cantlay,T29,+2,F,-2,872,24,4,73,72,72,69,COMPLETE,286,13,R4 Completed,-1,All,-0.869,0.147,-2.049,-0.153,2.687,0.225,1.157,0.171,53.57% (30/56),63.97%,312.70 yds,298.3,48.61% (35/72),62.68%,1,8,12,175,44,-,14,-,1,Round 1,872,Quail Hollow Club,14,71,73,+2,-1.483,0.147,-0.220,-0.153,0.535,0.225,-0.831,0.171,35.71% (5/14),63.97%,310.40 yds,298.3,38.89% (7/18),62.68%,,,3,175,10,-,5,-,2,Round 2,872,Quail Hollow Club,7,71,72,+1,0.441,0.147,-1.595,-0.153,0.276,0.225,-0.210,0.171,50.00% (7/14),63.97%,311.30 yds,298.3,61.11% (11/18),62.68%,,,4,175,10,-,3,-,3,Round 3,872,Quail Hollow Club,27,71,72,+1,-0.416,0.147,-1.033,-0.153,1.219,0.225,1.069,0.171,71.43% (10/14),63.97%,315.50 yds,298.3,44.44% (8/18),62.68%,,,3,175,11,-,4,-,4,Round 4,872,Quail Hollow Club,24,71,69,-2,0.590,0.147,0.799,-0.153,0.658,0.225,1.130,0.171,57.14% (8/14),63.97%,313.70 yds,298.3,50.00% (9/18),62.68%,1,8,2,175,13,-,2,-
34046,Jordan,Spieth,False,Jordan Spieth,USA,J. Spieth,T29,+2,F,-1,872,23,4,69,71,76,70,COMPLETE,286,49,R4 Completed,-1,All,5.199,0.522,-5.076,-0.199,0.504,0.156,0.299,0.346,67.86% (38/56),65.54%,316.10 yds,304.9,58.33% (42/72),66.11%,1,4,15,178,39,-,15,-,1,Round 1,872,Quail Hollow Club,16,71,69,-2,1.367,0.522,0.537,-0.199,-0.510,0.156,0.607,0.346,85.71% (12/14),65.54%,320.20 yds,304.9,66.67% (12/18),66.11%,1,4,2,178,13,-,2,-,2,Round 2,872,Quail Hollow Club,9,71,71,E,1.290,0.522,-3.106,-0.199,0.303,0.156,1.425,0.346,50.00% (7/14),65.54%,313.40 yds,304.9,61.11% (11/18),66.11%,,,4,178,11,-,2,-,3,Round 3,872,Quail Hollow Club,11,71,76,+5,1.110,0.522,-1.315,-0.199,-0.613,0.156,-2.343,0.346,64.29% (9/14),65.54%,316.10 yds,304.9,38.89% (7/18),66.11%,,,3,178,7,-,8,-,4,Round 4,872,Quail Hollow Club,23,71,70,-1,1.433,0.522,-1.192,-0.199,1.325,0.156,0.611,0.346,71.43% (10/14),65.54%,314.80 yds,304.9,66.67% (12/18),66.11%,,,6,178,8,-,3,-
24502,Adam,Scott,False,Adam Scott,AUS,A. Scott,T29,+2,F,E,872,20,4,71,71,73,71,COMPLETE,286,61,R4 Completed,-1,All,1.366,0.439,1.503,0.100,-1.874,-0.173,-0.069,0.225,57.14% (32/56),64.98%,313.00 yds,304.3,61.11% (44/72),64.92%,,,11,126,48,-,13,-,1,Round 1,872,Quail Hollow Club,19,71,71,E,-1.578,0.439,1.528,0.100,-0.505,-0.173,0.556,0.225,42.86% (6/14),64.98%,316.00 yds,304.3,77.78% (14/18),64.92%,,,3,126,12,-,3,-,2,Round 2,872,Quail Hollow Club,1,71,71,E,1.520,0.439,-0.970,0.100,0.211,-0.173,-0.849,0.225,64.29% (9/14),64.98%,303.10 yds,304.3,61.11% (11/18),64.92%,,,2,126,14,-,2,-,3,Round 3,872,Quail Hollow Club,17,71,73,+2,1.166,0.439,1.122,0.100,-2.146,-0.173,-0.303,0.225,71.43% (10/14),64.98%,317.70 yds,304.3,61.11% (11/18),64.92%,,,3,126,10,-,5,-,4,Round 4,872,Quail Hollow Club,20,71,71,E,0.259,0.439,-0.177,0.100,0.567,-0.173,0.528,0.225,50.00% (7/14),64.98%,315.40 yds,304.3,44.44% (8/18),64.92%,,,3,126,12,-,3,-
36699,Patrick,Rodgers,False,Patrick Rodgers,USA,P. Rodgers,T29,+2,F,+1,872,16,4,70,70,74,72,COMPLETE,286,43,R4 Completed,-1,All,1.873,0.242,-1.732,-0.236,4.503,0.149,-3.718,-0.069,53.57% (30/56),55.41%,316.60 yds,305.5,58.33% (42/72),68.69%,,,9,169,53,-,9,-,1,Round 1,872,Quail Hollow Club,5,71,70,-1,1.699,0.242,-0.194,-0.236,0.757,0.149,-1.261,-0.069,64.29% (9/14),55.41%,325.90 yds,305.5,77.78% (14/18),68.69%,,,2,169,15,-,1,-,2,Round 2,872,Quail Hollow Club,22,71,70,-1,0.503,0.242,-0.589,-0.236,0.456,0.149,0.542,-0.069,42.86% (6/14),55.41%,313.00 yds,305.5,55.56% (10/18),68.69%,,,4,169,11,-,3,-,3,Round 3,872,Quail Hollow Club,13,71,74,+3,0.753,0.242,-2.359,-0.236,2.060,0.149,-1.615,-0.069,57.14% (8/14),55.41%,306.90 yds,305.5,38.89% (7/18),68.69%,,,1,169,14,-,2,-,4,Round 4,872,Quail Hollow Club,16,71,72,+1,-1.081,0.242,1.410,-0.236,1.231,0.149,-1.383,-0.069,50.00% (7/14),55.41%,320.50 yds,305.5,61.11% (11/18),68.69%,,,2,169,13,-,3,-
34256,Andrew,Putnam,False,Andrew Putnam,USA,A. Putnam,T29,+2,F,+2,872,14,4,70,71,72,73,COMPLETE,286,58,R4 Completed,-1,All,-2.490,-0.399,1.922,0.246,-1.890,0.190,3.384,0.399,82.14% (46/56),66.23%,287.30 yds,282.5,55.56% (40/72),67.83%,,,11,177,49,-,11,-,1,Round 1,872,Quail Hollow Club,3,71,70,-1,0.424,-0.399,1.110,0.246,-0.747,0.190,0.214,0.399,100.00% (14/14),66.23%,294.80 yds,282.5,66.67% (12/18),67.83%,,,4,177,11,-,3,-,2,Round 2,872,Quail Hollow Club,20,71,71,E,0.050,-0.399,-0.343,0.246,0.763,0.190,-0.558,0.399,92.86% (13/14),66.23%,273.60 yds,282.5,66.67% (12/18),67.83%,,,1,177,16,-,1,-,3,Round 3,872,Quail Hollow Club,16,71,72,+1,-1.690,-0.399,2.907,0.246,-1.446,0.190,1.068,0.399,78.57% (11/14),66.23%,281.70 yds,282.5,55.56% (10/18),67.83%,,,4,177,9,-,5,-,4,Round 4,872,Quail Hollow Club,14,71,73,+2,-1.273,-0.399,-1.752,0.246,-0.459,0.190,2.661,0.399,57.14% (8/14),66.23%,299.10 yds,282.5,33.33% (6/18),67.83%,,,2,177,13,-,2,-
23108,Matt,Kuchar,False,Matt Kuchar,USA,M. Kuchar,T34,+3,F,E,872,22,4,69,72,75,71,COMPLETE,287,180,R4 Completed,-1,All,-2.106,-0.194,-5.504,-1.177,3.032,0.280,4.504,0.371,64.29% (36/56),62.43%,295.30 yds,286.1,51.39% (37/72),57.56%,,,13,89,45,-,12,-,1,Round 1,872,Quail Hollow Club,23,71,69,-2,-1.124,-0.194,-1.303,-1.177,0.557,0.280,3.871,0.371,50.00% (7/14),62.43%,288.90 yds,286.1,44.44% (8/18),57.56%,,,4,89,12,-,2,-,2,Round 2,872,Quail Hollow Club,5,71,72,+1,-1.206,-0.194,-2.199,-1.177,-0.074,0.280,2.391,0.371,57.14% (8/14),62.43%,279.40 yds,286.1,61.11% (11/18),57.56%,,,3,89,12,-,2,-,3,Round 3,872,Quail Hollow Club,14,71,75,+4,0.663,-0.194,-0.792,-1.177,0.672,0.280,-2.704,0.371,85.71% (12/14),62.43%,309.70 yds,286.1,44.44% (8/18),57.56%,,,3,89,9,-,5,-,4,Round 4,872,Quail Hollow Club,22,71,71,E,-0.438,-0.194,-1.210,-1.177,1.878,0.280,0.947,0.371,64.29% (9/14),62.43%,303.20 yds,286.1,55.56% (10/18),57.56%,,,3,89,12,-,3,-
34099,Harris,English,False,Harris English,USA,H. English,T34,+3,F,E,872,21,4,71,73,72,71,COMPLETE,287,33,R4 Completed,-1,All,-0.610,0.147,-1.806,-0.132,-0.776,0.145,3.118,0.621,62.50% (35/56),69.72%,307.30 yds,299.3,56.94% (41/72),66.78%,,,10,190,49,-,13,-,1,Round 1,872,Quail Hollow Club,8,71,71,E,0.004,0.147,-0.311,-0.132,-1.682,0.145,1.990,0.621,71.43% (10/14),69.72%,304.00 yds,299.3,55.56% (10/18),66.78%,,,2,190,14,-,2,-,2,Round 2,872,Quail Hollow Club,13,71,73,+2,-0.600,0.147,-0.340,-0.132,-0.050,0.145,-1.098,0.621,57.14% (8/14),69.72%,314.40 yds,299.3,61.11% (11/18),66.78%,,,3,190,10,-,5,-,3,Round 3,872,Quail Hollow Club,23,71,72,+1,0.229,0.147,-1.552,-0.132,0.405,0.145,1.757,0.621,57.14% (8/14),69.72%,298.50 yds,299.3,61.11% (11/18),66.78%,,,3,190,11,-,4,-,4,Round 4,872,Quail Hollow Club,21,71,71,E,-0.242,0.147,0.397,-0.132,0.552,0.145,0.470,0.621,64.29% (9/14),69.72%,312.40 yds,299.3,50.00% (9/18),66.78%,,,2,190,14,-,2,-
48117,Kurt,Kitayama,False,Kurt Kitayama,USA,K. Kitayama,T34,+3,F,+1,872,17,4,70,75,70,72,COMPLETE,287,72,R4 Completed,-1,All,0.187,0.413,3.402,0.522,-0.320,-0.052,-3.343,-0.301,55.36% (31/56),65.85%,318.40 yds,305.7,58.33% (42/72),66.42%,,,13,172,45,-,12,-,1,Round 1,872,Quail Hollow Club,17,71,70,-1,0.716,0.413,0.272,0.522,-0.645,-0.052,0.658,-0.301,57.14% (8/14),65.85%,317.90 yds,305.7,72.22% (13/18),66.42%,,,2,172,15,-,1,-,2,Round 2,872,Quail Hollow Club,10,71,75,+4,-1.171,0.413,0.042,0.522,0.424,-0.052,-3.383,-0.301,50.00% (7/14),65.85%,324.30 yds,305.7,50.00% (9/18),66.42%,,,3,172,9,-,5,-,3,Round 3,872,Quail Hollow Club,28,71,70,-1,0.052,0.413,2.709,0.522,-0.544,-0.052,0.622,-0.301,50.00% (7/14),65.85%,320.40 yds,305.7,55.56% (10/18),66.42%,,,5,172,10,-,2,-,4,Round 4,872,Quail Hollow Club,17,71,72,+1,0.591,0.413,0.379,0.522,0.446,-0.052,-1.239,-0.301,64.29% (9/14),65.85%,311.00 yds,305.7,55.56% (10/18),66.42%,,,3,172,11,-,4,-
57366,Cameron,Young,False,Cameron Young,USA,Cam. Young,T34,+3,F,+5,872,7,4,71,69,71,76,COMPLETE,287,31,R4 Completed,-1,All,0.363,0.368,2.995,0.344,-3.752,-0.173,0.320,-0.118,64.29% (36/56),67.44%,330.80 yds,303.8,59.72% (43/72),67.14%,,,20,206,34,-,13,-,1,Round 1,872,Quail Hollow Club,17,71,71,E,1.610,0.368,-0.925,0.344,-1.495,-0.173,0.811,-0.118,78.57% (11/14),67.44%,320.20 yds,303.8,61.11% (11/18),67.14%,,,5,206,8,-,5,-,2,Round 2,872,Quail Hollow Club,10,71,69,-2,0.527,0.368,1.625,0.344,0.088,-0.173,-0.328,-0.118,64.29% (9/14),67.44%,331.10 yds,303.8,61.11% (11/18),67.14%,,,6,206,9,-,2,-,3,Round 3,872,Quail Hollow Club,12,71,71,E,-1.770,0.368,3.170,0.344,-0.110,-0.173,0.549,-0.118,50.00% (7/14),67.44%,337.90 yds,303.8,72.22% (13/18),67.14%,,,4,206,11,-,2,-,4,Round 4,872,Quail Hollow Club,7,71,76,+5,-0.003,0.368,-0.875,0.344,-2.234,-0.173,-0.711,-0.118,64.29% (9/14),67.44%,334.00 yds,303.8,44.44% (8/18),67.14%,,,5,206,6,-,4,-
31323,Gary,Woodland,False,Gary Woodland,USA,G. Woodland,T38,+4,F,-4,872,30,4,70,76,75,67,COMPLETE,288,157,R4 Completed,-1,All,-1.287,-0.126,1.064,0.272,-7.182,-0.543,6.331,-0.324,57.14% (32/56),54.26%,317.90 yds,309.7,61.11% (44/72),63.12%,,,17,138,40,-,11,-,1,Round 1,872,Quail Hollow Club,1,71,70,-1,0.453,-0.126,1.376,0.272,-0.265,-0.543,-0.563,-0.324,57.14% (8/14),54.26%,311.30 yds,309.7,88.89% (16/18),63.12%,,,4,138,11,-,3,-,2,Round 2,872,Quail Hollow Club,18,71,76,+5,0.021,-0.126,-2.171,0.272,-5.095,-0.543,2.157,-0.324,57.14% (8/14),54.26%,311.80 yds,309.7,55.56% (10/18),63.12%,,,5,138,7,-,4,-,3,Round 3,872,Quail Hollow Club,30,71,75,+4,-1.798,-0.126,0.358,0.272,-2.023,-0.543,1.302,-0.324,50.00% (7/14),54.26%,320.90 yds,309.7,50.00% (9/18),63.12%,,,2,138,12,-,2,-,4,Round 4,872,Quail Hollow Club,30,71,67,-4,0.038,-0.126,1.501,0.272,0.202,-0.543,3.436,-0.324,64.29% (9/14),54.26%,327.60 yds,309.7,50.00% (9/18),63.12%,,,6,138,10,-,2,-
35532,Tom,Hoge,False,Tom Hoge,USA,T. Hoge,T38,+4,F,+2,872,18,4,70,73,72,73,COMPLETE,288,25,R4 Completed,-1,All,0.546,-0.101,0.308,0.990,-2.610,-0.313,0.682,0.294,69.64% (39/56),61.86%,302.40 yds,293.0,55.56% (40/72),69.08%,,,16,261,38,-,16,-,1,Round 1,872,Quail Hollow Club,3,71,70,-1,0.336,-0.101,-1.977,0.990,-0.999,-0.313,3.641,0.294,71.43% (10/14),61.86%,296.80 yds,293.0,50.00% (9/18),69.08%,,,6,261,8,-,3,-,2,Round 2,872,Quail Hollow Club,20,71,73,+2,0.710,-0.101,-0.069,0.990,-0.951,-0.313,-1.778,0.294,71.43% (10/14),61.86%,298.40 yds,293.0,66.67% (12/18),69.08%,,,2,261,12,-,4,-,3,Round 3,872,Quail Hollow Club,21,71,72,+1,1.260,-0.101,1.964,0.990,-1.793,-0.313,-0.592,0.294,85.71% (12/14),61.86%,304.20 yds,293.0,55.56% (10/18),69.08%,,,4,261,10,-,3,-,4,Round 4,872,Quail Hollow Club,18,71,73,+2,-1.759,-0.101,0.390,0.990,1.134,-0.313,-0.588,0.294,50.00% (7/14),61.86%,310.30 yds,293.0,50.00% (9/18),69.08%,,,4,261,8,-,6,-
49947,Taylor,Moore,False,Taylor Moore,USA,T. Moore,T38,+4,F,+5,872,12,4,68,68,76,76,COMPLETE,288,56,R4 Completed,-1,All,0.794,0.217,-1.501,0.003,-0.982,0.236,0.615,0.044,60.71% (34/56),62.84%,324.10 yds,302.7,47.22% (34/72),67.76%,1,6,10,194,48,-,10,-,1,Round 1,872,Quail Hollow Club,21,71,68,-3,-0.105,0.217,1.382,0.003,-0.521,0.236,2.245,0.044,57.14% (8/14),62.84%,327.20 yds,302.7,50.00% (9/18),67.76%,1,6,3,194,12,-,2,-,2,Round 2,872,Quail Hollow Club,3,71,68,-3,0.652,0.217,0.289,0.003,1.026,0.236,0.945,0.044,78.57% (11/14),62.84%,332.40 yds,302.7,66.67% (12/18),67.76%,,,4,194,13,-,1,-,3,Round 3,872,Quail Hollow Club,2,71,76,+5,0.150,0.217,-2.035,0.003,-0.353,0.236,-0.923,0.044,50.00% (7/14),62.84%,319.50 yds,302.7,38.89% (7/18),67.76%,,,2,194,10,-,5,-,4,Round 4,872,Quail Hollow Club,12,71,76,+5,0.098,0.217,-1.137,0.003,-1.133,0.236,-1.651,0.044,57.14% (8/14),62.84%,317.30 yds,302.7,33.33% (6/18),67.76%,,,1,194,13,-,2,-
45157,Cam,Davis,False,Cam Davis,AUS,C. Davis,T38,+4,F,+6,872,9,4,70,69,72,77,COMPLETE,288,63,R4 Completed,-1,All,-0.239,-0.210,-0.121,-0.115,-1.594,-0.365,0.880,-0.107,48.21% (27/56),65.31%,303.80 yds,297.8,50.00% (36/72),62.68%,,,12,167,45,-,14,-,1,Round 1,872,Quail Hollow Club,20,71,70,-1,-0.537,-0.210,-0.237,-0.115,0.587,-0.365,1.188,-0.107,28.57% (4/14),65.31%,304.70 yds,297.8,50.00% (9/18),62.68%,,,4,167,11,-,3,-,2,Round 2,872,Quail Hollow Club,2,71,69,-2,-0.388,-0.210,0.935,-0.115,-0.209,-0.365,1.574,-0.107,57.14% (8/14),65.31%,297.20 yds,297.8,61.11% (11/18),62.68%,,,5,167,10,-,3,-,3,Round 3,872,Quail Hollow Club,7,71,72,+1,-0.365,-0.210,-0.727,-0.115,0.609,-0.365,1.322,-0.107,42.86% (6/14),65.31%,292.70 yds,297.8,33.33% (6/18),62.68%,,,2,167,13,-,3,-,4,Round 4,872,Quail Hollow Club,9,71,77,+6,1.052,-0.210,-0.092,-0.115,-2.580,-0.365,-3.203,-0.107,64.29% (9/14),65.31%,320.90 yds,297.8,55.56% (10/18),62.68%,,,1,167,11,-,5,-
56630,Akshay,Bhatia,False,Akshay Bhatia,USA,A. Bhatia,42,+5,F,+3,872,18,4,74,70,71,74,COMPLETE,289,21,R4 Completed,-1,All,-6.972,0.102,-2.417,0.673,1.420,0.012,5.895,0.336,48.21% (27/56),67.81%,299.70 yds,298.1,47.22% (34/72),66.29%,,,13,194,42,-,16,-,1,Round 1,872,Quail Hollow Club,13,71,74,+3,-0.340,0.102,-1.384,0.673,-0.101,0.012,-1.174,0.336,64.29% (9/14),67.81%,312.00 yds,298.1,55.56% (10/18),66.29%,,,1,194,13,-,4,-,2,Round 2,872,Quail Hollow Club,6,71,70,-1,-1.262,0.102,-0.059,0.673,-0.915,0.012,3.148,0.336,42.86% (6/14),67.81%,283.10 yds,298.1,61.11% (11/18),66.29%,,,5,194,9,-,4,-,3,Round 3,872,Quail Hollow Club,24,71,71,E,-1.141,0.102,-0.290,0.673,0.392,0.012,2.878,0.336,57.14% (8/14),67.81%,294.40 yds,298.1,38.89% (7/18),66.29%,,,5,194,9,-,3,-,4,Round 4,872,Quail Hollow Club,18,71,74,+3,-4.228,0.102,-0.684,0.673,2.045,0.012,1.044,0.336,28.57% (4/14),67.81%,309.10 yds,298.1,33.33% (6/18),66.29%,,,2,194,11,-,5,-
30926,Chris,Kirk,False,Chris Kirk,USA,C. Kirk,T43,+6,F,E,872,28,4,73,72,74,71,COMPLETE,290,9,R4 Completed,-1,All,1.263,0.419,0.312,0.371,-0.516,0.261,-4.133,-0.517,69.64% (39/56),70.04%,305.00 yds,296.3,51.39% (37/72),66.38%,,,9,197,48,-,15,-,1,Round 1,872,Quail Hollow Club,21,71,73,+2,0.541,0.419,0.029,0.371,-0.060,0.261,-2.509,-0.517,64.29% (9/14),70.04%,309.40 yds,296.3,61.11% (11/18),66.38%,,,2,197,12,-,4,-,2,Round 2,872,Quail Hollow Club,3,71,72,+1,-1.158,0.419,0.114,0.371,0.646,0.261,-0.690,-0.517,57.14% (8/14),70.04%,305.60 yds,296.3,50.00% (9/18),66.38%,,,2,197,13,-,3,-,3,Round 3,872,Quail Hollow Club,25,71,74,+3,0.456,0.419,-1.533,0.371,0.036,0.261,-0.120,-0.517,78.57% (11/14),70.04%,293.10 yds,296.3,33.33% (6/18),66.38%,,,1,197,13,-,4,-,4,Round 4,872,Quail Hollow Club,28,71,71,E,1.425,0.419,1.702,0.371,-1.137,0.261,-0.813,-0.517,78.57% (11/14),70.04%,312.00 yds,296.3,61.11% (11/18),66.38%,,,4,197,10,-,4,-
32102,Rickie,Fowler,False,Rickie Fowler,USA,R. Fowler,T43,+6,F,E,872,27,4,71,75,73,71,COMPLETE,290,104,R4 Completed,-1,All,-0.750,-0.449,-1.483,-0.264,-0.775,0.184,-0.066,-0.205,62.50% (35/56),66.18%,303.70 yds,297.2,55.56% (40/72),63.05%,1,2,14,169,36,-,20,-,1,Round 1,872,Quail Hollow Club,16,71,71,E,-1.176,-0.449,0.781,-0.264,-0.535,0.184,0.931,-0.205,50.00% (7/14),66.18%,295.20 yds,297.2,61.11% (11/18),63.05%,,,5,169,8,-,5,-,2,Round 2,872,Quail Hollow Club,9,71,75,+4,0.171,-0.449,-3.926,-0.264,-0.596,0.184,0.263,-0.205,64.29% (9/14),66.18%,307.90 yds,297.2,50.00% (9/18),63.05%,,,2,169,11,-,4,-,3,Round 3,872,Quail Hollow Club,31,71,73,+2,1.295,-0.449,-0.737,-0.264,1.370,0.184,-2.089,-0.205,85.71% (12/14),66.18%,298.80 yds,297.2,50.00% (9/18),63.05%,1,2,2,169,9,-,6,-,4,Round 4,872,Quail Hollow Club,27,71,71,E,-1.039,-0.449,2.399,-0.264,-1.013,0.184,0.830,-0.205,50.00% (7/14),66.18%,312.80 yds,297.2,61.11% (11/18),63.05%,,,5,169,8,-,5,-
32333,Kevin,Tway,False,Kevin Tway,USA,K. Tway,T43,+6,F,+1,872,26,4,73,71,74,72,COMPLETE,290,99,R4 Completed,-1,All,-1.202,0.017,-0.620,-0.463,0.709,0.397,-1.961,0.379,57.14% (32/56),64.40%,311.70 yds,301.6,59.72% (43/72),69.44%,,,12,72,44,-,14,-,1,Round 1,872,Quail Hollow Club,12,71,73,+2,-0.171,0.017,0.080,-0.463,-0.311,0.397,-1.597,0.379,50.00% (7/14),64.40%,310.70 yds,301.6,66.67% (12/18),69.44%,,,3,72,10,-,5,-,2,Round 2,872,Quail Hollow Club,17,71,71,E,-2.036,0.017,0.265,-0.463,-0.873,0.397,2.556,0.379,50.00% (7/14),64.40%,307.70 yds,301.6,55.56% (10/18),69.44%,,,4,72,11,-,2,-,3,Round 3,872,Quail Hollow Club,24,71,74,+3,0.600,0.017,0.078,-0.463,-0.364,0.397,-1.475,0.379,78.57% (11/14),64.40%,315.00 yds,301.6,55.56% (10/18),69.44%,,,1,72,13,-,4,-,4,Round 4,872,Quail Hollow Club,26,71,72,+1,0.406,0.017,-1.043,-0.463,2.258,0.397,-1.444,0.379,50.00% (7/14),64.40%,313.50 yds,301.6,61.11% (11/18),69.44%,,,4,72,10,-,3,-
25493,Nick,Taylor,False,Nick Taylor,CAN,N. Taylor,T43,+6,F,+4,872,21,4,71,69,75,75,COMPLETE,290,29,R4 Completed,-1,All,0.562,-0.106,-3.787,0.308,2.827,-0.174,-2.676,0.388,67.86% (38/56),63.07%,295.00 yds,290.0,55.56% (40/72),63.05%,1,4,10,180,44,-,16,-,1,Round 1,872,Quail Hollow Club,22,71,71,E,-0.103,-0.106,-1.520,0.308,1.965,-0.174,-0.341,0.388,57.14% (8/14),63.07%,292.30 yds,290.0,61.11% (11/18),63.05%,1,4,,,15,-,2,-,2,Round 2,872,Quail Hollow Club,4,71,69,-2,0.210,-0.106,-0.153,0.308,0.862,-0.174,0.993,0.388,71.43% (10/14),63.07%,290.70 yds,290.0,61.11% (11/18),63.05%,,,6,180,8,-,4,-,3,Round 3,872,Quail Hollow Club,11,71,75,+4,0.532,-0.106,-0.660,0.308,-0.628,-0.174,-1.405,0.388,71.43% (10/14),63.07%,300.30 yds,290.0,50.00% (9/18),63.05%,,,2,180,10,-,6,-,4,Round 4,872,Quail Hollow Club,21,71,75,+4,-0.076,-0.106,-1.454,0.308,0.629,-0.174,-1.922,0.388,71.43% (10/14),63.07%,296.70 yds,290.0,50.00% (9/18),63.05%,,,2,180,11,-,4,-
27644,Brian,Harman,False,Brian Harman,USA,B. Harman,T47,+7,F,-1,872,30,4,74,71,76,70,COMPLETE,291,17,R4 Completed,-1,All,-4.811,-0.077,1.538,0.228,0.365,0.190,-1.166,0.485,58.93% (33/56),66.14%,301.00 yds,289.4,54.17% (39/72),65.60%,,,9,194,48,-,14,-,1,Round 1,872,Quail Hollow Club,14,71,74,+3,-0.031,-0.077,0.520,0.228,0.696,0.190,-4.184,0.485,71.43% (10/14),66.14%,294.30 yds,289.4,66.67% (12/18),65.60%,,,1,194,13,-,4,-,2,Round 2,872,Quail Hollow Club,7,71,71,E,-2.329,-0.077,1.146,0.228,-0.065,0.190,1.160,0.485,57.14% (8/14),66.14%,304.80 yds,289.4,55.56% (10/18),65.60%,,,5,194,9,-,3,-,3,Round 3,872,Quail Hollow Club,26,71,76,+5,-0.879,-0.077,-1.304,0.228,0.090,0.190,-1.068,0.485,57.14% (8/14),66.14%,301.40 yds,289.4,44.44% (8/18),65.60%,,,1,194,11,-,6,-,4,Round 4,872,Quail Hollow Club,30,71,70,-1,-1.571,-0.077,1.176,0.228,-0.355,0.190,2.927,0.485,50.00% (7/14),66.14%,303.60 yds,289.4,50.00% (9/18),65.60%,,,2,194,15,-,1,-
33204,Shane,Lowry,False,Shane Lowry,IRL,S. Lowry,T47,+7,F,+1,872,27,4,75,71,73,72,COMPLETE,291,16,R4 Completed,-1,All,1.293,0.316,0.436,0.602,-0.031,0.022,-5.772,-0.147,66.07% (37/56),78.13%,306.60 yds,297.6,62.50% (45/72),67.90%,,,12,162,45,-,11,-,1,Round 1,872,Quail Hollow Club,15,71,75,+4,0.579,0.316,-2.613,0.602,-0.431,0.022,-1.534,-0.147,85.71% (12/14),78.13%,309.40 yds,297.6,55.56% (10/18),67.90%,,,1,162,13,-,3,-,2,Round 2,872,Quail Hollow Club,8,71,71,E,0.243,0.316,0.444,0.602,0.452,0.022,-1.227,-0.147,64.29% (9/14),78.13%,302.60 yds,297.6,61.11% (11/18),67.90%,,,2,162,14,-,2,-,3,Round 3,872,Quail Hollow Club,30,71,73,+2,-0.730,0.316,1.304,0.602,1.273,0.022,-2.008,-0.147,57.14% (8/14),78.13%,304.30 yds,297.6,61.11% (11/18),67.90%,,,3,162,11,-,3,-,4,Round 4,872,Quail Hollow Club,27,71,72,+1,1.202,0.316,1.301,0.602,-1.324,0.022,-1.002,-0.147,57.14% (8/14),78.13%,310.30 yds,297.6,72.22% (13/18),67.90%,,,6,162,7,-,3,-
51766,Wyndham,Clark,False,Wyndham Clark,USA,W. Clark,T47,+7,F,+2,872,24,4,73,73,72,73,COMPLETE,291,3,R4 Completed,-1,All,0.496,0.486,0.419,0.212,-2.326,0.010,-2.663,0.530,55.36% (31/56),59.80%,326.10 yds,313.7,51.39% (37/72),67.27%,,,14,184,39,-,17,-,1,Round 1,872,Quail Hollow Club,15,71,73,+2,-1.114,0.486,0.733,0.212,-1.114,0.010,-0.504,0.530,50.00% (7/14),59.80%,313.90 yds,313.7,55.56% (10/18),67.27%,,,5,184,8,-,3,-,2,Round 2,872,Quail Hollow Club,8,71,73,+2,0.933,0.486,-0.477,0.212,-0.425,0.010,-2.119,0.530,57.14% (8/14),59.80%,322.20 yds,313.7,55.56% (10/18),67.27%,,,,,16,-,2,-,3,Round 3,872,Quail Hollow Club,31,71,72,+1,-0.118,0.486,0.096,0.212,-0.349,0.010,1.210,0.530,50.00% (7/14),59.80%,312.70 yds,313.7,44.44% (8/18),67.27%,,,5,184,7,-,6,-,4,Round 4,872,Quail Hollow Club,24,71,73,+2,0.796,0.486,0.067,0.212,-0.437,0.010,-1.249,0.530,64.29% (9/14),59.80%,355.50 yds,313.7,50.00% (9/18),67.27%,,,4,184,8,-,6,-
55182,Tom,Kim,False,Tom Kim,KOR,T. Kim,T47,+7,F,+5,872,19,4,73,69,73,76,COMPLETE,291,82,R4 Completed,-1,All,-1.221,-0.106,-3.064,-0.072,2.342,-0.006,-2.131,-0.012,66.07% (37/56),70.76%,307.30 yds,293.6,54.17% (39/72),66.05%,1,7,14,199,36,-,19,-,1,Round 1,872,Quail Hollow Club,10,71,73,+2,-2.023,-0.106,-0.731,-0.072,0.240,-0.006,0.515,-0.012,57.14% (8/14),70.76%,310.80 yds,293.6,50.00% (9/18),66.05%,1,7,4,199,6,-,6,-,2,Round 2,872,Quail Hollow Club,15,71,69,-2,0.297,-0.106,0.898,-0.072,1.155,-0.006,-0.438,-0.012,85.71% (12/14),70.76%,303.90 yds,293.6,66.67% (12/18),66.05%,,,5,199,10,-,3,-,3,Round 3,872,Quail Hollow Club,19,71,73,+2,1.039,-0.106,-1.107,-0.072,0.898,-0.006,-0.991,-0.012,78.57% (11/14),70.76%,303.90 yds,293.6,55.56% (10/18),66.05%,,,3,199,11,-,3,-,4,Round 4,872,Quail Hollow Club,19,71,76,+5,-0.533,-0.106,-2.124,-0.072,0.050,-0.006,-1.216,-0.012,42.86% (6/14),70.76%,310.70 yds,293.6,44.44% (8/18),66.05%,,,2,199,9,-,7,-
40115,Adam,Svensson,False,Adam Svensson,CAN,A. Svensson,T47,+7,F,+5,872,19,4,72,70,73,76,COMPLETE,291,93,R4 Completed,-1,All,1.708,-0.074,2.854,0.420,-0.272,-0.060,-8.364,-0.663,71.43% (40/56),61.44%,306.90 yds,297.6,55.56% (40/72),64.74%,,,9,167,47,-,16,-,1,Round 1,872,Quail Hollow Club,11,71,72,+1,-0.480,-0.074,0.834,0.420,0.134,-0.060,-1.487,-0.663,57.14% (8/14),61.44%,313.70 yds,297.6,38.89% (7/18),64.74%,,,1,167,15,-,2,-,2,Round 2,872,Quail Hollow Club,16,71,70,-1,0.984,-0.074,0.801,0.420,-0.364,-0.060,-0.509,-0.663,85.71% (12/14),61.44%,303.40 yds,297.6,61.11% (11/18),64.74%,,,4,167,11,-,3,-,3,Round 3,872,Quail Hollow Club,19,71,73,+2,0.182,-0.074,0.649,0.420,0.813,-0.060,-1.805,-0.663,71.43% (10/14),61.44%,304.70 yds,297.6,61.11% (11/18),64.74%,,,2,167,12,-,4,-,4,Round 4,872,Quail Hollow Club,19,71,76,+5,1.023,-0.074,0.570,0.420,-0.854,-0.060,-4.562,-0.663,71.43% (10/14),61.44%,305.70 yds,297.6,61.11% (11/18),64.74%,,,2,167,9,-,7,-
40098,Matt,Fitzpatrick,False,Matt Fitzpatrick,ENG,M. Fitzpatrick,T52,+8,F,-4,872,33,4,74,73,78,67,COMPLETE,292,38,R4 Completed,-1,All,-0.361,0.052,-4.217,0.036,1.553,0.069,-2.049,0.239,66.07% (37/56),68.91%,309.40 yds,301.2,48.61% (35/72),65.89%,,,9,178,49,-,11,-,1,Round 1,872,Quail Hollow Club,11,71,74,+3,-0.636,0.052,-1.729,0.036,0.852,0.069,-1.486,0.239,50.00% (7/14),68.91%,311.80 yds,301.2,33.33% (6/18),65.89%,,,1,178,13,-,4,-,2,Round 2,872,Quail Hollow Club,16,71,73,+2,1.410,0.052,-0.465,0.036,-1.026,0.069,-2.007,0.239,85.71% (12/14),68.91%,315.80 yds,301.2,61.11% (11/18),65.89%,,,2,178,13,-,2,-,3,Round 3,872,Quail Hollow Club,32,71,78,+7,0.076,0.052,-2.387,0.036,-1.963,0.069,-0.887,0.239,85.71% (12/14),68.91%,297.50 yds,301.2,50.00% (9/18),65.89%,,,1,178,11,-,4,-,4,Round 4,872,Quail Hollow Club,33,71,67,-4,-1.210,0.052,0.364,0.036,3.691,0.069,2.332,0.239,42.86% (6/14),68.91%,312.60 yds,301.2,50.00% (9/18),65.89%,,,5,178,12,-,1,-
22405,Justin,Rose,False,Justin Rose,ENG,J. Rose,T52,+8,F,E,872,31,4,74,68,79,71,COMPLETE,292,108,R4 Completed,-1,All,-0.220,-0.073,-0.167,-0.518,-0.058,0.027,-4.629,0.289,62.50% (35/56),67.81%,306.70 yds,295.9,59.72% (43/72),62.46%,,,15,146,38,-,15,-,1,Round 1,872,Quail Hollow Club,18,71,74,+3,0.151,-0.073,-2.860,-0.518,0.462,0.027,-0.752,0.289,64.29% (9/14),67.81%,305.40 yds,295.9,44.44% (8/18),62.46%,,,4,146,7,-,7,-,2,Round 2,872,Quail Hollow Club,11,71,68,-3,0.550,-0.073,0.492,-0.518,2.111,0.027,-0.241,0.289,78.57% (11/14),67.81%,310.30 yds,295.9,72.22% (13/18),62.46%,,,6,146,9,-,3,-,3,Round 3,872,Quail Hollow Club,20,71,79,+8,-1.098,-0.073,0.366,-0.518,-3.368,0.027,-2.061,0.289,57.14% (8/14),67.81%,290.10 yds,295.9,50.00% (9/18),62.46%,,,2,146,9,-,4,-,4,Round 4,872,Quail Hollow Club,31,71,71,E,0.178,-0.073,1.835,-0.518,0.738,0.027,-1.574,0.289,50.00% (7/14),67.81%,321.20 yds,295.9,72.22% (13/18),62.46%,,,3,146,13,-,1,-
33399,Adam,Hadwin,False,Adam Hadwin,CAN,A. Hadwin,T52,+8,F,E,872,31,4,71,71,79,71,COMPLETE,292,41,R4 Completed,-1,All,-1.562,-0.051,0.038,-0.032,0.550,0.098,-4.100,-0.054,55.36% (31/56),67.95%,298.80 yds,295.5,58.33% (42/72),63.55%,1,5,8,186,48,-,13,-,1,Round 1,872,Quail Hollow Club,22,71,71,E,0.377,-0.051,0.773,-0.032,0.551,0.098,-1.700,-0.054,71.43% (10/14),67.95%,302.40 yds,295.5,72.22% (13/18),63.55%,,,2,186,14,-,2,-,2,Round 2,872,Quail Hollow Club,4,71,71,E,-0.861,-0.051,-0.601,-0.032,0.191,0.098,1.183,-0.054,42.86% (6/14),67.95%,296.70 yds,295.5,61.11% (11/18),63.55%,1,5,3,186,9,-,5,-,3,Round 3,872,Quail Hollow Club,18,71,79,+8,-0.330,-0.051,-0.971,-0.032,-2.051,0.098,-2.809,-0.054,57.14% (8/14),67.95%,294.10 yds,295.5,38.89% (7/18),63.55%,,,2,186,9,-,5,-,4,Round 4,872,Quail Hollow Club,31,71,71,E,-0.747,-0.051,0.837,-0.032,1.860,0.098,-0.773,-0.054,50.00% (7/14),67.95%,302.20 yds,295.5,61.11% (11/18),63.55%,,,1,186,16,-,1,-
51634,Sahith,Theegala,False,Sahith Theegala,USA,S. Theegala,T52,+8,F,+1,872,29,4,73,65,82,72,COMPLETE,292,5,R4 Completed,-1,All,1.738,0.420,0.657,0.434,-6.042,-0.202,-1.427,0.686,62.50% (35/56),64.13%,312.00 yds,303.4,54.17% (39/72),68.59%,1,7,11,209,43,-,14,-,1,Round 1,872,Quail Hollow Club,9,71,73,+2,-0.774,0.420,-0.587,0.434,-1.920,-0.202,1.282,0.686,50.00% (7/14),64.13%,312.80 yds,303.4,50.00% (9/18),68.59%,,,1,209,14,-,3,-,2,Round 2,872,Quail Hollow Club,14,71,65,-6,0.883,0.420,3.689,0.434,0.971,-0.202,0.369,0.686,64.29% (9/14),64.13%,306.80 yds,303.4,72.22% (13/18),68.59%,1,7,5,209,11,-,1,-,3,Round 3,872,Quail Hollow Club,4,71,82,+11,0.554,0.420,-3.148,0.434,-3.743,-0.202,-2.824,0.686,50.00% (7/14),64.13%,313.80 yds,303.4,38.89% (7/18),68.59%,,,1,209,8,-,7,-,4,Round 4,872,Quail Hollow Club,29,71,72,+1,1.076,0.420,0.703,0.434,-1.349,-0.202,-0.253,0.686,85.71% (12/14),64.13%,314.90 yds,303.4,55.56% (10/18),68.59%,,,4,209,10,-,3,-
29420,Billy,Horschel,False,Billy Horschel,USA,B. Horschel,T52,+8,F,+1,872,28,4,76,72,72,72,COMPLETE,292,53,R4 Completed,-1,All,2.650,0.303,-9.202,-0.077,1.034,0.163,0.444,0.651,64.29% (36/56),65.27%,305.90 yds,297.9,40.28% (29/72),67.54%,,,17,172,34,-,17,-,1,Round 1,872,Quail Hollow Club,12,71,76,+5,0.048,0.303,-3.261,-0.077,-0.303,0.163,-1.483,0.651,50.00% (7/14),65.27%,308.00 yds,297.9,33.33% (6/18),67.54%,,,2,172,10,-,5,-,2,Round 2,872,Quail Hollow Club,17,71,72,+1,0.681,0.303,-1.755,-0.077,-0.279,0.163,0.265,0.651,50.00% (7/14),65.27%,302.30 yds,297.9,44.44% (8/18),67.54%,,,5,172,8,-,4,-,3,Round 3,872,Quail Hollow Club,33,71,72,+1,0.738,0.303,-1.183,-0.077,-0.142,0.163,1.426,0.651,78.57% (11/14),65.27%,298.90 yds,297.9,44.44% (8/18),67.54%,,,5,172,8,-,4,-,4,Round 4,872,Quail Hollow Club,28,71,72,+1,1.184,0.303,-3.003,-0.077,1.759,0.163,0.237,0.651,78.57% (11/14),65.27%,314.30 yds,297.9,38.89% (7/18),67.54%,,,5,172,8,-,4,-
29725,Tony,Finau,False,Tony Finau,USA,T. Finau,T52,+8,F,+3,872,25,4,72,73,73,74,COMPLETE,292,46,R4 Completed,-1,All,-0.908,0.151,-2.377,0.796,-0.371,0.224,-1.418,-0.419,46.43% (26/56),62.15%,325.50 yds,308.4,54.17% (39/72),70.25%,,,11,215,44,-,15,-,1,Round 1,872,Quail Hollow Club,22,71,72,+1,0.709,0.151,-1.587,0.796,0.725,0.224,-0.846,-0.419,50.00% (7/14),62.15%,331.80 yds,308.4,55.56% (10/18),70.25%,,,2,215,13,-,3,-,2,Round 2,872,Quail Hollow Club,4,71,73,+2,-1.416,0.151,0.609,0.796,1.306,0.224,-2.587,-0.419,57.14% (8/14),62.15%,312.90 yds,308.4,61.11% (11/18),70.25%,,,3,215,11,-,3,-,3,Round 3,872,Quail Hollow Club,26,71,73,+2,-0.312,0.151,-1.342,0.796,0.278,0.224,1.215,-0.419,42.86% (6/14),62.15%,330.50 yds,308.4,44.44% (8/18),70.25%,,,3,215,10,-,5,-,4,Round 4,872,Quail Hollow Club,25,71,74,+3,0.112,0.151,-0.057,0.796,-2.679,0.224,0.801,-0.419,35.71% (5/14),62.15%,326.80 yds,308.4,55.56% (10/18),70.25%,,,3,215,10,-,4,-
47420,Jake,Knapp,False,Jake Knapp,USA,J. Knapp,T58,+9,F,+5,872,23,4,71,75,71,76,COMPLETE,293,26,R4 Completed,-1,All,3.871,-0.123,-8.458,0.393,0.354,-0.093,-1.841,0.181,57.14% (32/56),61.97%,315.50 yds,308.0,54.17% (39/72),66.09%,1,7,10,205,44,-,13,-,1,Round 1,872,Quail Hollow Club,7,71,71,E,-0.060,-0.123,-1.855,0.393,1.203,-0.093,0.713,0.181,50.00% (7/14),61.97%,309.10 yds,308.0,55.56% (10/18),66.09%,,,4,205,12,-,,,2,Round 2,872,Quail Hollow Club,12,71,75,+4,1.408,-0.123,-3.663,0.393,-0.920,-0.093,-0.913,0.181,71.43% (10/14),61.97%,308.60 yds,308.0,50.00% (9/18),66.09%,,,2,205,11,-,4,-,3,Round 3,872,Quail Hollow Club,29,71,71,E,1.138,-0.123,-0.041,0.393,-0.420,-0.093,1.162,0.181,57.14% (8/14),61.97%,328.50 yds,308.0,61.11% (11/18),66.09%,,,4,205,10,-,4,-,4,Round 4,872,Quail Hollow Club,23,71,76,+5,1.386,-0.123,-2.899,0.393,0.492,-0.093,-2.802,0.181,50.00% (7/14),61.97%,315.80 yds,308.0,50.00% (9/18),66.09%,1,7,,,11,-,5,-
36884,Ben,Kohles,False,Ben Kohles,USA,B. Kohles,T58,+9,F,+7,872,20,4,71,71,73,78,COMPLETE,293,73,R4 Completed,-1,All,-0.708,-0.004,-3.320,-0.263,-1.026,-0.403,-1.020,-0.200,67.86% (38/56),68.74%,296.50 yds,285.6,47.22% (34/72),65.17%,,,8,142,48,-,15,-,1,Round 1,872,Quail Hollow Club,19,71,71,E,-0.118,-0.004,0.428,-0.263,-0.676,-0.403,0.367,-0.200,64.29% (9/14),68.74%,290.10 yds,285.6,55.56% (10/18),65.17%,,,3,142,12,-,3,-,2,Round 2,872,Quail Hollow Club,1,71,71,E,-0.235,-0.004,0.292,-0.263,0.578,-0.403,-0.723,-0.200,78.57% (11/14),68.74%,293.40 yds,285.6,66.67% (12/18),65.17%,,,3,142,12,-,3,-,3,Round 3,872,Quail Hollow Club,17,71,73,+2,0.221,-0.004,-1.255,-0.263,0.501,-0.403,0.372,-0.200,57.14% (8/14),68.74%,297.50 yds,285.6,27.78% (5/18),65.17%,,,1,142,14,-,3,-,4,Round 4,872,Quail Hollow Club,20,71,78,+7,-0.575,-0.004,-2.785,-0.263,-1.428,-0.403,-1.035,-0.200,71.43% (10/14),68.74%,305.20 yds,285.6,38.89% (7/18),65.17%,,,1,142,10,-,6,-
49771,J.T.,Poston,False,J.T. Poston,USA,J.T. Poston,T60,+10,F,+1,872,32,4,73,77,72,72,COMPLETE,294,18,R4 Completed,-1,All,-1.115,-0.008,-4.153,-0.173,1.461,0.294,-3.267,0.072,64.29% (36/56),74.18%,297.40 yds,288.1,52.78% (38/72),65.89%,,,11,209,44,-,13,-,1,Round 1,872,Quail Hollow Club,20,71,73,+2,0.342,-0.008,0.244,-0.173,-0.454,0.294,-2.131,0.072,71.43% (10/14),74.18%,305.00 yds,288.1,61.11% (11/18),65.89%,,,3,209,12,-,1,-,2,Round 2,872,Quail Hollow Club,2,71,77,+6,-1.803,-0.008,-3.560,-0.173,1.196,0.294,-1.921,0.072,57.14% (8/14),74.18%,290.20 yds,288.1,50.00% (9/18),65.89%,,,2,209,10,-,4,-,3,Round 3,872,Quail Hollow Club,33,71,72,+1,0.411,-0.008,0.271,-0.173,-0.595,0.294,0.752,0.072,71.43% (10/14),74.18%,292.50 yds,288.1,50.00% (9/18),65.89%,,,4,209,9,-,5,-,4,Round 4,872,Quail Hollow Club,32,71,72,+1,-0.064,-0.008,-1.108,-0.173,1.315,0.294,0.034,0.072,57.14% (8/14),74.18%,302.10 yds,288.1,50.00% (9/18),65.89%,,,2,209,13,-,3,-
30927,Brendon,Todd,False,Brendon Todd,USA,B. Todd,T60,+10,F,+5,872,26,4,72,71,75,76,COMPLETE,294,57,R4 Completed,-1,All,-4.538,-0.561,-5.022,-0.125,0.450,0.293,2.036,0.286,78.57% (44/56),68.54%,287.10 yds,277.3,44.44% (32/72),62.53%,,,13,173,40,-,15,-,1,Round 1,872,Quail Hollow Club,2,71,72,+1,-0.570,-0.561,-1.125,-0.125,-0.955,0.293,1.651,0.286,57.14% (8/14),68.54%,279.30 yds,277.3,50.00% (9/18),62.53%,,,6,173,6,-,5,-,2,Round 2,872,Quail Hollow Club,19,71,71,E,-0.752,-0.561,-0.372,-0.125,-0.246,0.293,1.282,0.286,78.57% (11/14),68.54%,293.80 yds,277.3,38.89% (7/18),62.53%,,,3,173,12,-,3,-,3,Round 3,872,Quail Hollow Club,20,71,75,+4,-3.265,-0.561,-1.406,-0.125,2.717,0.293,-0.207,0.286,92.86% (13/14),68.54%,283.40 yds,277.3,38.89% (7/18),62.53%,,,2,173,11,-,4,-,4,Round 4,872,Quail Hollow Club,26,71,76,+5,0.050,-0.561,-2.119,-0.125,-1.065,0.293,-0.689,0.286,85.71% (12/14),68.54%,292.00 yds,277.3,50.00% (9/18),62.53%,,,2,173,11,-,3,-
47483,Will,Zalatoris,False,Will Zalatoris,USA,W. Zalatoris,T60,+10,F,+9,872,17,4,70,70,74,80,COMPLETE,294,20,R4 Completed,-1,All,0.693,0.144,-2.281,0.550,-2.101,-0.236,-3.385,-0.371,60.71% (34/56),69.82%,303.90 yds,297.7,54.17% (39/72),65.28%,,,10,146,43,-,18,-,1,Round 1,872,Quail Hollow Club,7,71,70,-1,0.539,0.144,0.164,0.550,0.500,-0.236,-0.202,-0.371,57.14% (8/14),69.82%,305.00 yds,297.7,66.67% (12/18),65.28%,,,3,146,13,-,2,-,2,Round 2,872,Quail Hollow Club,12,71,70,-1,0.376,0.144,0.012,0.550,-0.086,-0.236,0.610,-0.371,64.29% (9/14),69.82%,309.40 yds,297.7,61.11% (11/18),65.28%,,,5,146,9,-,4,-,3,Round 3,872,Quail Hollow Club,10,71,74,+3,-0.094,0.144,0.373,0.550,-0.121,-0.236,-1.319,-0.371,64.29% (9/14),69.82%,298.80 yds,297.7,50.00% (9/18),65.28%,,,1,146,13,-,4,-,4,Round 4,872,Quail Hollow Club,17,71,80,+9,-0.127,0.144,-2.830,0.550,-2.393,-0.236,-2.473,-0.371,57.14% (8/14),69.82%,302.60 yds,297.7,38.89% (7/18),65.28%,,,1,146,8,-,8,-
57362,Austin,Eckroat,False,Austin Eckroat,USA,A. Eckroat,63,+11,F,+4,872,29,4,75,73,72,75,COMPLETE,295,36,R4 Completed,-1,All,1.584,0.395,-1.964,0.361,-7.689,-0.088,-0.005,0.033,67.86% (38/56),71.23%,307.60 yds,297.0,51.39% (37/72),65.15%,,,9,195,47,-,12,-,1,Round 1,872,Quail Hollow Club,19,71,75,+4,0.044,0.395,-2.841,0.361,-0.814,-0.088,-0.388,0.033,57.14% (8/14),71.23%,314.10 yds,297.0,33.33% (6/18),65.15%,,,2,195,11,-,4,-,2,Round 2,872,Quail Hollow Club,1,71,73,+2,0.235,0.395,-0.809,0.361,-2.354,-0.088,0.840,0.033,64.29% (9/14),71.23%,298.80 yds,297.0,50.00% (9/18),65.15%,,,1,195,15,-,1,-,3,Round 3,872,Quail Hollow Club,32,71,72,+1,1.876,0.395,1.153,0.361,-2.140,-0.088,-0.050,0.033,100.00% (14/14),71.23%,306.10 yds,297.0,61.11% (11/18),65.15%,,,3,195,12,-,2,-,4,Round 4,872,Quail Hollow Club,29,71,75,+4,-0.570,0.395,0.533,0.361,-2.380,-0.088,-0.406,0.033,50.00% (7/14),71.23%,311.40 yds,297.0,61.11% (11/18),65.15%,,,3,195,9,-,5,-
31646,Emiliano,Grillo,False,Emiliano Grillo,ARG,E. Grillo,T64,+12,F,+1,872,32,4,76,74,74,72,COMPLETE,296,55,R4 Completed,-1,All,-0.483,0.080,1.762,0.114,-4.293,-0.493,-6.060,0.245,64.29% (36/56),67.62%,300.90 yds,288.8,51.39% (37/72),65.37%,1,7,9,180,43,-,16,-,1,Round 1,872,Quail Hollow Club,8,71,76,+5,-0.220,0.080,0.245,0.114,-0.931,-0.493,-4.093,0.245,71.43% (10/14),67.62%,297.70 yds,288.8,55.56% (10/18),65.37%,,,1,180,12,-,4,-,2,Round 2,872,Quail Hollow Club,13,71,74,+3,0.337,0.080,-0.713,0.114,-1.261,-0.493,-1.451,0.245,78.57% (11/14),67.62%,302.50 yds,288.8,55.56% (10/18),65.37%,,,3,180,10,-,4,-,3,Round 3,872,Quail Hollow Club,34,71,74,+3,0.515,0.080,2.170,0.114,-3.804,-0.493,-0.042,0.245,64.29% (9/14),67.62%,297.50 yds,288.8,61.11% (11/18),65.37%,,,3,180,11,-,3,-,4,Round 4,872,Quail Hollow Club,32,71,72,+1,-1.114,0.080,0.060,0.114,1.704,-0.493,-0.473,0.245,42.86% (6/14),67.62%,306.10 yds,288.8,33.33% (6/18),65.37%,1,7,2,180,10,-,5,-
47347,Adam,Schenk,False,Adam Schenk,USA,A. Schenk,T64,+12,F,+7,872,25,4,72,73,73,78,COMPLETE,296,54,R4 Completed,-1,All,-4.037,0.275,-3.123,-0.337,-3.376,-0.009,1.462,0.335,53.57% (30/56),66.33%,307.00 yds,300.9,54.17% (39/72),65.62%,,,14,230,37,-,16,-,1,Round 1,872,Quail Hollow Club,3,71,72,+1,-0.690,0.275,0.372,-0.337,-1.994,-0.009,1.313,0.335,50.00% (7/14),66.33%,309.00 yds,300.9,66.67% (12/18),65.62%,,,5,230,9,-,2,-,2,Round 2,872,Quail Hollow Club,20,71,73,+2,-0.983,0.275,-2.325,-0.337,-0.839,-0.009,2.059,0.335,42.86% (6/14),66.33%,299.10 yds,300.9,50.00% (9/18),65.62%,,,3,230,11,-,3,-,3,Round 3,872,Quail Hollow Club,28,71,73,+2,-0.336,0.275,-0.869,-0.337,0.452,-0.009,0.592,0.335,71.43% (10/14),66.33%,309.50 yds,300.9,50.00% (9/18),65.62%,,,2,230,13,-,2,-,4,Round 4,872,Quail Hollow Club,25,71,78,+7,-2.027,0.275,-0.301,-0.337,-0.994,-0.009,-2.501,0.335,50.00% (7/14),66.33%,310.30 yds,300.9,50.00% (9/18),65.62%,,,4,230,4,-,9,-
34466,Peter,Malnati,False,Peter Malnati,USA,P. Malnati,66,+14,F,+2,872,34,4,73,72,80,73,COMPLETE,298,39,R4 Completed,-1,All,-4.661,-0.492,-3.151,-0.054,-2.261,-0.054,-1.001,0.615,42.86% (24/56),53.94%,305.50 yds,293.5,40.28% (29/72),62.01%,,,11,142,37,-,23,-,1,Round 1,872,Quail Hollow Club,1,71,73,+2,-1.624,-0.492,-0.871,-0.054,0.881,-0.054,-0.385,0.615,35.71% (5/14),53.94%,299.10 yds,293.5,44.44% (8/18),62.01%,,,2,142,13,-,2,-,2,Round 2,872,Quail Hollow Club,18,71,72,+1,-0.656,-0.492,-0.578,-0.054,-1.585,-0.054,1.731,0.615,28.57% (4/14),53.94%,307.80 yds,293.5,44.44% (8/18),62.01%,,,5,142,7,-,6,-,3,Round 3,872,Quail Hollow Club,27,71,80,+9,-2.261,-0.492,-0.532,-0.054,-2.030,-0.054,-2.338,0.615,50.00% (7/14),53.94%,301.50 yds,293.5,33.33% (6/18),62.01%,,,,,9,-,9,-,4,Round 4,872,Quail Hollow Club,34,71,73,+2,-0.119,-0.492,-1.170,-0.054,0.474,-0.054,-0.008,0.615,57.14% (8/14),53.94%,313.80 yds,293.5,38.89% (7/18),62.01%,,,4,142,8,-,6,-
48153,Matthieu,Pavon,False,Matthieu Pavon,FRA,M. Pavon,67,+17,F,+6,872,33,4,76,74,74,77,COMPLETE,301,10,R4 Completed,-1,All,-3.275,0.012,-2.249,0.340,-5.932,-0.473,-2.618,0.052,50.00% (28/56),68.89%,304.40 yds,297.9,51.39% (37/72),65.24%,,,7,157,45,-,17,-,1,Round 1,872,Quail Hollow Club,1,71,76,+5,-1.035,0.012,-1.970,0.340,-0.788,-0.473,-1.206,0.052,35.71% (5/14),68.89%,291.00 yds,297.9,44.44% (8/18),65.24%,,,1,157,11,-,6,-,2,Round 2,872,Quail Hollow Club,18,71,74,+3,0.185,0.012,0.935,0.340,-1.772,-0.473,-2.436,0.052,64.29% (9/14),68.89%,311.60 yds,297.9,61.11% (11/18),65.24%,,,2,157,11,-,5,-,3,Round 3,872,Quail Hollow Club,34,71,74,+3,-0.434,0.012,-0.094,0.340,-1.065,-0.473,0.432,0.052,71.43% (10/14),68.89%,306.30 yds,297.9,55.56% (10/18),65.24%,,,2,157,12,-,3,-,4,Round 4,872,Quail Hollow Club,33,71,77,+6,-1.990,0.012,-1.120,0.340,-2.306,-0.473,0.593,0.052,28.57% (4/14),68.89%,308.90 yds,297.9,44.44% (8/18),65.24%,,,2,157,11,-,3,-
47591,Eric,Cole,False,Eric Cole,USA,E. Cole,68,+18,F,+6,872,34,4,73,72,80,77,COMPLETE,302,48,R4 Completed,-1,All,-7.064,-0.333,-4.329,0.025,-2.552,0.006,-1.129,0.243,46.43% (26/56),63.97%,311.10 yds,297.0,43.06% (31/72),61.00%,,,7,208,44,-,17,-,1,Round 1,872,Quail Hollow Club,4,71,73,+2,-0.288,-0.333,-0.737,0.025,-0.104,0.006,-0.870,0.243,57.14% (8/14),63.97%,311.60 yds,297.0,33.33% (6/18),61.00%,,,3,208,10,-,5,-,2,Round 2,872,Quail Hollow Club,21,71,72,+1,-0.786,-0.333,-1.163,0.025,0.269,0.006,0.592,0.243,35.71% (5/14),63.97%,297.40 yds,297.0,44.44% (8/18),61.00%,,,3,208,12,-,2,-,3,Round 3,872,Quail Hollow Club,29,71,80,+9,-4.854,-0.333,-1.940,0.025,-0.630,0.006,0.263,0.243,28.57% (4/14),63.97%,319.60 yds,297.0,38.89% (7/18),61.00%,,,1,208,9,-,6,-,4,Round 4,872,Quail Hollow Club,34,71,77,+6,-1.135,-0.333,-0.489,0.025,-2.086,0.006,-1.113,0.243,64.29% (9/14),63.97%,315.90 yds,297.0,55.56% (10/18),61.00%,,,,,13,-,4,-
